78,134,113,78,133,113,77,133,111,77,133,111,77,133,111,77,132,111,77,132,111,77,132,109,77,130,107,77,130,102,77,129,101,77,121,103,77,93,100,77,106,93,77,89,92,77,76,91,78,89,90,78,83,88,87,95,88,84,74,81,97,75,87,102,72,84,102,72,84,102,72,82,107,72,82,105,72,82,108,72,83,108,72,81,107,72,82,108,72,79,107,72,80,107,72,78,106,72,77,109,72,77,99,72,76,105,82,74,101,82,74,84,90,65,97,90,67,87,92,69,78,95,65,72,100,65,75,100,65,71,99,65,73,104,65,71,106,65,72,106,65,71,106,65,71,112,65,73,107,65,71,105,65,71,105,65,71,110,65,71,110,65,77,106,65,71,103,65,71,108,65,71,100,65,71,94,65,71,91,65,71,91,65,72,91,65,81,90,65,71,90,65,71,90,65,75,90,65,90,90,65,95,90,65,117,90,65,131,90,65,143,90,65,150,90,65,152,90,65,153,90,65,153,90,65,153,90,65,153,90,65,153,90,65,153,90,65,153,90,65,153,90,65,153,90,65,153,90,65,154,90,65,154,90,65,154,90,65,154,90,65,154,90,65,154,90,65,154,90,65,154,90,65,154,90,65,154,90,65,154,90,65,154,90,65,154,90,65,154,90,65,155,90,65,155,90,65,153,90,65,
78,133,113,77,133,113,77,133,111,77,132,111,77,131,111,77,131,111,77,129,109,77,131,109,77,129,105,77,126,102,77,126,100,77,111,96,77,108,97,77,101,91,77,98,88,77,85,90,78,72,84,78,81,88,82,72,87,95,73,84,101,72,85,102,74,84,102,72,83,102,72,82,102,72,82,105,72,81,106,72,81,107,72,81,106,72,81,107,72,79,107,72,79,106,72,78,106,72,77,108,72,77,104,73,73,99,72,74,99,81,74,101,90,74,89,91,70,83,93,65,78,96,65,72,101,65,72,100,65,71,101,65,71,101,65,71,104,65,73,106,65,71,106,65,71,111,65,71,108,65,71,105,65,71,106,65,71,108,65,71,105,65,71,108,65,71,106,65,71,105,65,71,102,65,71,91,65,71,91,65,71,91,65,71,91,65,71,90,65,71,90,65,78,90,65,75,90,65,81,90,65,92,90,65,111,90,65,131,90,65,143,90,65,149,90,65,152,90,65,153,90,65,153,90,65,153,90,65,153,90,65,153,90,65,153,90,65,153,90,65,153,90,65,153,90,65,153,90,65,154,90,65,154,90,65,154,90,65,154,90,65,154,90,65,154,90,65,154,90,65,154,90,65,154,90,65,154,90,65,154,90,65,154,90,65,154,90,65,154,90,65,155,90,65,154,90,65,152,90,65,
78,133,113,77,132,113,77,131,111,77,130,111,77,129,111,77,129,109,77,127,109,77,125,109,77,122,105,77,125,103,77,121,100,77,114,99,77,102,94,77,95,91,77,97,90,77,81,90,78,79,89,78,87,88,80,72,84,82,72,83,97,72,85,83,73,84,102,72,81,100,72,82,103,72,81,103,72,81,104,72,81,104,72,81,107,72,81,105,72,78,107,72,78,106,72,78,104,72,76,103,72,76,102,75,71,103,72,67,89,78,65,97,84,68,84,88,65,84,92,65,76,95,65,72,98,65,72,98,65,71,100,65,71,101,65,71,103,65,71,104,65,71,106,65,71,108,65,71,107,65,71,106,65,71,107,65,71,107,65,71,104,65,71,106,65,71,108,65,71,103,65,71,103,65,71,93,65,71,91,65,71,91,65,71,91,65,71,90,65,71,90,65,71,90,65,82,90,65,78,90,65,90,90,65,105,90,65,126,90,65,140,90,65,148,90,65,151,90,65,152,90,65,153,90,65,153,90,65,153,90,65,153,90,65,153,90,65,153,90,65,153,90,65,153,90,65,153,90,65,154,90,65,152,90,65,153,90,65,153,90,65,154,90,65,154,90,65,154,90,65,154,90,65,154,90,65,154,90,65,154,90,65,154,90,65,154,90,65,154,90,65,155,90,65,153,90,65,149,90,65,
78,131,113,77,131,113,77,131,113,77,130,111,77,129,109,77,127,109,77,124,109,77,117,106,77,113,105,77,115,102,76,111,99,76,103,94,76,97,94,76,93,91,76,90,90,76,80,89,76,78,86,78,87,87,80,76,87,82,72,85,93,72,84,92,72,83,97,72,80,102,72,81,101,72,81,104,72,81,103,72,80,104,72,80,106,72,81,104,72,78,106,72,77,106,72,77,104,72,76,104,72,76,99,73,71,99,75,66,91,82,65,89,84,71,84,92,66,79,91,65,74,93,65,75,95,65,74,97,65,71,98,65,71,101,65,71,103,65,71,104,65,71,106,65,71,106,65,71,106,65,71,105,65,71,106,65,71,105,65,71,105,65,71,106,65,71,105,65,71,103,65,71,101,65,71,93,65,71,91,65,71,91,65,71,91,65,71,90,65,71,90,65,77,90,65,72,90,65,77,90,65,81,90,65,100,90,65,116,90,65,133,90,65,145,90,65,150,90,65,152,90,65,153,90,65,153,90,65,153,90,65,153,90,65,153,90,65,153,90,65,153,90,65,153,90,65,153,90,65,152,90,65,151,90,65,152,90,65,153,90,65,152,90,65,153,90,65,154,90,65,154,90,65,154,90,65,154,90,65,154,90,65,154,90,65,154,90,65,154,90,65,153,90,65,152,90,65,145,90,65,
78,131,113,77,131,113,77,130,113,77,129,111,77,128,109,77,126,109,77,119,109,76,109,105,76,100,102,76,96,100,76,99,97,76,98,95,76,95,93,76,91,91,76,86,90,76,82,88,76,77,88,76,75,87,90,76,86,90,72,82,95,72,85,97,72,82,99,72,81,102,72,80,102,72,81,102,72,80,103,72,80,103,72,80,105,72,80,104,72,79,105,72,77,105,72,74,103,72,72,103,72,69,104,72,65,89,74,66,85,72,71,86,82,65,90,85,65,85,90,65,79,92,65,75,93,65,73,96,65,74,99,65,71,102,65,71,103,65,71,104,65,71,105,65,71,106,65,71,106,65,71,106,65,71,105,65,71,106,63,71,105,65,71,108,65,71,110,65,71,105,65,71,105,65,71,97,65,71,91,65,71,91,65,71,91,65,71,90,65,77,90,65,75,90,65,71,90,65,76,90,65,83,90,65,89,90,65,103,90,65,124,90,65,137,90,65,146,90,65,150,90,65,152,90,65,153,90,65,153,90,65,153,90,65,153,90,65,153,90,65,153,90,65,153,90,65,153,90,65,152,90,65,149,90,65,150,90,65,151,90,65,150,90,65,151,90,65,152,90,65,153,90,65,153,90,65,154,90,65,154,90,65,154,90,65,153,90,65,152,90,65,150,90,65,147,90,65,137,90,65,
78,129,113,77,129,113,77,129,113,77,127,113,77,125,110,76,120,108,76,110,108,76,97,105,76,95,103,76,91,100,76,87,97,76,91,94,76,92,93,76,89,91,76,84,89,76,82,88,76,76,88,76,78,85,82,76,86,90,74,82,89,72,85,92,72,84,98,72,81,101,72,81,101,72,81,103,72,80,103,72,79,103,72,80,103,72,79,104,72,79,105,72,74,102,72,77,102,72,74,94,72,66,95,77,67,99,77,65,101,83,65,100,85,65,96,79,65,82,88,65,83,89,65,71,92,65,75,94,65,71,98,65,71,101,65,71,102,65,71,105,65,71,105,65,71,106,65,71,106,65,71,108,65,71,105,65,71,106,65,71,105,65,71,107,65,71,108,65,71,107,65,71,105,65,71,100,65,71,91,65,71,91,65,71,91,65,73,91,65,71,90,65,71,90,65,75,90,65,72,90,65,81,90,65,79,90,65,90,90,65,107,90,65,124,90,65,137,90,65,147,90,65,150,90,65,151,90,65,151,90,65,151,90,65,151,90,65,152,90,65,152,90,65,152,90,65,149,90,65,148,90,65,148,90,65,149,90,65,149,90,65,147,90,65,149,90,65,149,90,65,150,90,65,151,90,65,152,90,65,152,90,65,149,90,65,149,90,65,147,90,65,142,90,65,133,90,65,121,90,65,
78,127,113,77,126,113,77,126,113,76,124,112,76,118,110,76,108,110,76,97,108,76,83,107,76,83,101,76,83,100,75,82,98,75,83,95,75,87,93,75,84,91,75,84,88,76,81,88,76,80,88,77,77,86,81,72,86,84,72,83,95,72,83,98,72,82,94,72,82,101,72,82,98,72,81,97,72,80,98,72,79,103,72,79,103,72,79,103,72,79,102,72,75,102,72,72,94,72,70,99,72,65,94,72,65,100,72,65,101,72,65,77,76,65,92,86,65,83,81,65,89,90,65,76,89,65,83,97,65,82,96,65,76,101,65,71,103,65,71,106,65,71,106,65,71,106,65,71,106,64,71,106,65,71,106,65,71,106,65,71,106,65,71,108,65,71,110,65,71,107,65,71,108,65,71,102,65,71,93,65,71,91,65,71,91,65,79,91,65,71,90,65,75,90,65,72,90,65,81,90,65,72,90,65,80,90,65,80,90,65,94,90,65,105,90,65,121,90,65,136,90,65,143,90,65,148,90,65,149,90,65,149,90,65,149,90,65,148,90,65,148,90,65,147,90,65,146,90,65,143,90,65,142,90,65,145,90,65,141,90,65,139,90,65,138,90,65,142,90,65,145,90,65,145,90,65,145,90,65,145,90,65,144,90,65,142,90,65,136,90,65,129,90,65,117,90,65,106,90,65,
78,121,113,77,121,113,76,117,112,76,111,112,76,105,111,76,92,110,76,83,110,75,83,104,75,83,104,75,83,101,75,81,99,75,82,96,75,83,94,75,83,91,75,83,91,75,81,89,76,76,88,77,77,86,79,72,85,91,72,84,93,72,84,95,72,83,98,72,82,97,72,82,98,72,81,101,72,80,101,72,80,103,72,75,101,72,79,103,72,75,102,72,69,100,72,65,102,72,71,102,72,65,103,72,65,100,76,65,99,76,65,100,72,65,98,74,65,92,87,65,76,91,65,93,94,65,73,94,65,80,92,65,77,102,65,71,104,65,71,105,65,71,106,65,71,105,65,71,105,65,71,106,65,71,107,65,71,106,65,71,105,65,71,108,65,71,105,65,71,110,65,71,108,65,71,106,65,77,99,65,77,91,65,75,91,65,71,91,65,83,91,65,78,90,65,84,90,65,73,90,65,79,90,65,71,90,65,73,90,65,96,90,65,107,90,65,115,90,65,125,90,65,131,90,65,140,90,65,141,90,65,144,90,65,140,90,65,145,90,65,144,90,65,135,90,65,140,90,65,134,90,65,132,90,65,136,90,65,127,90,65,121,90,65,125,90,65,129,90,65,130,90,65,131,90,65,131,90,65,131,90,65,130,90,65,124,90,65,118,90,65,110,90,65,103,90,65,97,90,65,
78,105,113,76,104,113,76,99,112,76,92,111,76,85,111,75,84,109,75,83,109,75,83,105,75,83,102,75,83,102,75,83,100,75,81,97,75,82,93,75,83,92,75,83,92,75,83,91,76,79,88,78,72,84,79,73,84,83,72,85,95,72,84,92,72,83,97,72,83,101,72,82,101,72,82,101,72,80,103,72,79,101,72,74,101,72,79,103,72,68,101,72,65,102,72,71,103,72,65,89,73,65,84,74,65,104,72,65,103,72,65,98,72,65,98,82,65,90,90,65,90,83,65,86,93,65,94,94,65,76,99,65,79,102,65,77,103,65,71,105,65,71,105,65,71,106,65,71,105,65,71,106,65,71,106,65,71,106,65,71,109,65,71,103,65,71,110,65,71,103,65,71,103,65,71,106,64,77,101,65,83,93,65,75,91,65,82,91,65,75,91,65,75,90,65,71,90,65,89,90,65,71,90,65,80,90,65,75,90,65,85,90,65,90,90,65,113,90,65,107,90,65,120,90,65,121,90,65,126,90,65,129,90,65,134,90,65,123,90,65,132,90,65,136,90,65,133,90,65,123,90,65,125,90,65,116,90,65,113,90,65,110,90,65,110,90,65,111,90,65,110,90,65,109,90,65,109,90,65,111,90,65,109,90,65,104,90,65,102,90,65,96,90,65,93,90,65,89,90,65,
76,85,112,76,84,112,76,84,112,76,84,111,75,84,111,75,84,109,75,84,107,75,83,105,75,83,103,75,83,102,75,83,102,75,82,99,75,81,97,75,81,96,75,82,92,75,80,92,77,74,89,80,72,87,84,72,86,81,72,84,89,72,83,96,72,82,97,72,82,101,72,82,100,72,82,101,72,82,101,72,79,101,72,75,102,72,70,100,72,66,103,72,70,92,72,66,103,72,65,94,72,65,103,72,65,92,72,65,88,75,65,99,72,65,99,76,65,98,82,65,97,91,65,91,94,65,82,92,65,74,96,65,73,102,65,78,101,65,71,105,65,71,106,65,71,104,65,71,106,65,71,106,65,71,107,65,71,111,65,71,111,65,78,108,65,78,105,65,85,106,65,85,108,65,77,108,65,84,106,65,72,97,65,84,93,65,85,91,65,72,91,65,73,91,65,88,90,65,76,90,65,90,90,65,90,90,65,91,90,65,91,90,65,109,90,65,98,90,65,109,90,65,113,90,65,127,90,65,129,90,65,130,90,65,118,90,65,111,90,65,118,90,65,117,90,65,128,90,65,125,90,65,110,90,65,107,90,65,103,90,65,103,90,65,102,90,65,100,90,65,98,90,65,93,90,65,92,90,65,93,90,65,93,90,65,91,90,65,91,90,65,89,90,65,89,90,65,89,90,65,
76,84,113,76,84,111,75,84,111,75,84,110,75,83,110,75,83,109,75,83,107,75,83,104,75,83,103,75,83,102,75,83,100,75,83,100,75,82,98,75,81,91,75,82,89,76,83,93,77,78,84,82,78,83,81,72,81,91,72,79,93,72,77,93,72,74,98,72,74,100,72,75,101,72,77,101,72,78,99,72,76,100,72,72,103,72,66,101,72,65,98,72,65,105,72,65,103,72,65,102,72,65,104,72,65,103,72,65,99,72,65,90,75,65,99,75,65,82,82,65,84,83,65,98,85,65,88,99,65,93,91,65,77,102,65,77,96,65,71,103,65,71,103,65,71,103,65,71,106,65,71,106,65,71,107,65,75,111,65,78,109,65,77,109,65,78,112,65,90,111,65,94,112,65,88,113,65,85,111,65,84,102,65,88,95,65,81,91,65,88,91,65,90,91,65,90,91,65,89,90,65,87,90,65,90,90,65,93,90,65,90,90,65,104,90,65,108,90,65,112,90,65,117,90,65,115,90,65,116,90,65,119,90,65,130,90,65,111,90,65,108,90,65,105,90,65,113,90,65,105,90,65,104,90,65,100,90,65,98,90,65,98,90,65,97,90,65,94,90,65,93,90,65,91,90,65,90,90,65,87,90,65,89,90,65,89,90,65,89,90,65,89,90,65,89,90,65,86,90,65,
77,84,113,77,84,112,76,83,112,75,83,111,75,83,111,75,83,110,75,83,106,75,83,104,75,83,102,74,83,101,74,83,101,74,83,101,74,83,98,74,82,91,75,81,85,76,82,86,76,80,78,81,72,74,86,72,72,90,72,70,95,72,68,95,72,68,93,72,68,99,72,67,99,72,68,100,72,68,97,72,67,101,72,65,98,72,65,104,72,65,105,72,65,104,72,65,96,72,65,100,72,65,105,73,65,106,80,65,104,72,65,105,72,65,102,78,65,97,77,65,95,91,65,101,97,65,98,100,65,82,91,65,87,102,65,91,100,65,71,105,65,88,106,65,71,106,65,71,106,65,82,102,65,86,111,65,82,112,65,90,114,65,90,111,65,93,114,65,97,116,65,98,117,65,94,116,65,98,114,65,91,110,65,90,102,65,90,95,65,84,91,65,93,91,65,79,91,65,83,91,65,100,91,65,91,90,65,102,90,65,106,90,65,102,90,65,107,90,65,113,90,65,113,90,65,125,90,65,119,90,65,125,90,65,126,90,65,126,90,65,115,90,65,115,90,65,113,90,65,109,90,65,99,90,65,97,90,65,96,90,65,96,90,65,95,90,65,93,90,65,91,90,65,90,90,65,89,89,65,89,90,65,89,90,65,89,90,65,89,90,65,89,90,65,89,90,65,89,90,65,
77,83,113,77,83,113,77,83,112,77,83,112,77,83,111,75,83,110,75,83,107,74,83,105,74,83,103,74,83,102,74,83,102,74,83,99,74,83,93,75,82,87,75,82,77,76,73,73,85,72,69,77,74,67,92,73,66,95,72,66,91,72,66,85,72,66,95,72,66,100,72,66,95,72,66,99,72,65,101,72,65,98,72,65,101,72,65,102,72,65,105,72,65,105,72,65,106,72,65,108,72,65,104,72,65,105,78,65,104,73,65,105,72,65,100,76,65,103,86,65,97,80,65,98,96,65,99,89,65,101,102,65,97,103,65,95,94,65,91,104,65,85,102,65,86,104,65,83,99,65,80,104,65,85,111,65,90,114,65,100,117,65,99,120,65,101,122,65,102,122,65,103,123,65,103,123,65,102,119,65,94,116,65,96,113,65,92,106,65,89,95,65,90,91,65,93,91,65,98,91,65,87,91,65,102,91,65,105,91,65,103,90,65,108,90,65,110,90,65,112,90,65,115,90,65,113,90,65,122,90,65,119,90,65,119,90,65,125,90,65,105,90,65,95,90,65,107,90,65,98,90,65,96,90,65,96,90,65,95,90,65,95,90,65,94,90,65,91,87,65,90,90,65,90,89,65,86,90,65,86,90,65,89,90,65,88,90,65,89,90,65,89,90,65,89,90,65,89,90,65,
77,83,113,77,83,113,77,83,112,77,83,112,77,83,111,77,83,110,75,83,109,74,83,108,74,83,107,74,83,101,74,83,101,74,83,98,75,83,80,75,83,74,76,83,69,79,74,67,76,82,66,77,80,66,86,72,66,88,72,66,90,72,65,87,72,65,97,72,65,99,72,65,101,72,65,100,72,65,101,72,65,101,72,65,102,72,65,102,72,65,104,72,65,107,72,65,109,72,65,104,72,65,108,72,65,105,79,65,107,72,65,107,80,65,107,89,65,106,90,65,105,90,65,104,91,65,101,85,65,99,90,65,82,103,65,88,104,65,99,100,65,87,95,65,81,106,65,84,107,65,87,111,65,92,113,65,100,119,65,103,122,65,106,125,65,107,127,65,107,127,65,108,127,65,107,126,65,106,125,65,102,123,65,102,117,65,100,113,65,95,103,65,99,96,65,102,91,65,103,91,65,99,91,65,105,91,65,107,91,65,110,91,65,110,91,65,110,91,65,112,91,65,113,91,65,116,91,65,117,91,65,121,91,65,122,90,65,95,90,65,116,90,65,116,90,65,107,90,65,97,89,65,94,90,65,93,90,65,93,90,65,93,88,65,91,90,65,90,90,65,90,89,65,86,90,65,86,85,65,89,90,65,86,90,65,87,90,65,89,90,65,89,90,65,89,90,65,89,90,65,
77,83,113,78,83,112,78,83,112,78,83,111,78,83,111,78,83,111,78,83,109,76,83,108,75,83,108,74,83,101,75,83,96,75,83,78,74,83,73,73,83,68,77,82,66,76,83,66,79,80,66,80,76,66,78,74,66,82,75,65,93,72,65,89,72,65,96,72,65,98,72,65,101,72,65,101,72,65,102,72,65,102,72,65,106,72,65,106,72,65,105,72,65,106,72,65,107,72,65,109,74,65,109,78,65,107,72,65,108,87,65,106,89,65,107,92,65,107,90,65,106,99,65,106,101,65,103,89,65,105,103,65,102,103,65,100,98,65,80,95,65,99,107,65,82,106,65,81,108,65,96,109,65,102,117,65,106,123,65,107,127,65,108,129,65,110,131,65,110,131,65,110,132,65,108,130,65,110,129,65,108,127,65,103,125,65,103,120,65,101,112,65,86,105,65,99,97,65,96,91,65,95,91,65,110,91,65,110,91,65,105,88,65,110,91,65,110,91,65,110,91,65,110,91,65,115,91,65,121,91,65,118,91,65,112,91,65,92,90,65,117,90,65,98,90,65,100,88,65,95,90,65,93,89,65,93,90,65,91,90,65,91,88,65,90,90,65,88,90,65,86,90,65,86,89,65,88,90,65,86,90,65,88,90,65,88,90,65,89,90,65,89,90,65,89,90,65,89,90,65,
78,83,113,78,83,112,78,83,111,78,83,111,78,83,111,78,83,111,78,83,109,78,83,109,76,83,107,75,83,95,74,83,82,71,83,71,71,83,67,73,83,66,71,83,66,78,82,66,78,82,66,76,82,66,79,72,66,80,76,65,87,72,65,87,72,65,93,72,65,98,72,65,99,72,65,101,72,65,102,72,65,103,72,65,105,72,65,106,71,65,104,72,65,107,72,65,107,72,65,109,73,65,107,72,65,109,73,65,109,84,65,109,91,65,110,90,65,108,97,65,107,90,65,107,91,65,105,104,65,106,98,65,97,103,65,105,89,65,105,104,65,105,100,65,93,111,65,101,103,65,98,112,65,103,120,65,107,125,65,108,129,65,110,131,65,110,132,65,110,132,65,110,132,65,110,132,65,110,131,65,110,129,65,108,127,65,105,123,65,101,118,65,104,111,65,98,105,65,107,101,65,101,96,65,105,92,65,99,91,65,110,91,65,110,91,65,110,91,65,106,91,65,112,91,65,112,91,65,100,91,65,112,91,65,112,91,65,88,90,65,103,90,65,122,88,65,98,90,65,93,90,65,92,90,65,91,90,65,90,88,65,89,90,65,87,90,65,86,90,65,86,85,65,86,82,65,86,90,65,86,90,65,86,90,65,86,90,65,89,90,65,89,90,66,89,90,67,89,90,71,
78,83,113,78,83,112,78,83,112,79,83,112,79,83,112,79,83,111,81,83,109,81,83,108,78,83,98,75,83,81,72,83,71,71,83,68,70,83,66,66,83,66,67,81,66,73,84,66,71,80,66,77,74,66,84,81,66,83,78,65,84,75,65,88,74,65,98,72,65,100,72,65,99,72,65,103,72,65,103,72,65,103,72,65,104,72,65,104,71,65,106,72,65,109,72,65,108,72,65,109,77,65,108,73,65,109,75,65,109,90,65,112,90,65,112,91,65,110,99,65,111,102,65,108,103,65,106,106,65,107,108,65,108,99,65,107,94,65,107,109,65,106,112,65,98,96,65,102,116,65,102,118,65,109,123,65,109,126,65,110,130,65,110,132,65,110,132,65,110,132,65,110,132,65,110,132,65,110,132,65,110,132,65,109,130,65,107,127,65,106,117,65,105,121,65,107,108,65,106,108,65,101,99,65,105,102,65,104,101,65,106,93,65,110,93,65,110,92,65,109,92,65,104,92,65,101,91,65,105,91,65,91,91,65,100,90,65,102,89,65,117,84,65,90,88,65,100,90,65,93,90,65,92,87,65,90,88,65,89,90,65,87,89,65,87,89,65,86,87,65,86,84,65,86,86,66,86,90,65,86,90,66,86,90,66,86,90,68,88,90,72,88,90,75,89,91,76,89,92,80,
79,83,112,80,83,112,80,83,112,81,83,112,82,83,112,85,83,112,88,83,111,83,83,101,78,83,89,74,83,74,71,83,68,71,83,66,70,83,66,71,83,66,73,83,66,75,83,66,75,83,66,77,83,66,75,83,66,83,78,65,85,80,65,84,76,65,87,72,65,101,74,65,92,72,65,102,71,65,103,72,65,104,72,65,104,72,65,109,72,65,105,72,65,109,72,65,108,72,65,110,78,65,109,84,65,109,84,65,109,89,65,111,97,65,112,97,65,114,101,65,111,102,65,110,98,65,110,98,65,110,109,65,107,110,65,107,97,65,100,105,65,108,117,65,110,92,65,110,116,65,105,120,65,110,124,65,110,128,65,110,131,65,110,132,65,110,132,65,110,132,65,110,132,65,110,132,65,110,132,65,110,132,65,110,132,65,109,129,65,102,126,65,103,124,65,110,116,65,110,114,65,105,109,65,101,110,65,111,98,65,111,109,65,106,91,65,106,99,65,107,98,65,104,90,65,107,89,66,107,94,66,107,92,65,89,92,65,97,90,65,93,88,66,89,88,66,97,88,65,91,90,65,89,90,65,87,88,65,87,90,65,86,89,65,86,89,65,86,90,66,86,90,66,85,85,69,85,90,70,85,90,71,85,91,73,85,91,76,86,91,79,86,92,82,87,92,85,87,92,91,
88,83,113,88,83,112,89,83,112,91,83,112,91,83,112,91,83,112,89,83,111,85,83,94,78,83,77,74,83,69,71,83,67,69,83,66,67,83,66,67,83,66,69,83,66,66,83,66,75,84,66,72,80,66,77,79,66,79,82,66,82,77,65,83,77,65,95,72,65,96,75,65,102,77,65,101,72,65,101,75,65,100,69,65,109,71,65,106,72,65,105,72,65,109,72,65,110,75,65,110,75,65,110,84,65,111,88,65,115,97,65,117,103,65,118,107,65,116,107,65,111,109,65,111,110,65,111,108,65,110,99,65,111,114,65,109,111,65,111,118,65,92,106,65,103,114,65,110,112,65,110,120,65,110,123,65,110,127,65,110,130,65,110,131,65,110,132,65,110,132,65,110,132,65,110,132,65,110,132,65,110,132,65,110,132,65,110,131,65,110,132,65,110,132,65,110,109,65,110,118,65,105,92,65,110,112,65,110,102,65,111,99,65,111,113,65,107,97,65,95,106,65,111,92,65,92,101,66,97,94,66,88,91,66,97,97,65,109,89,68,88,84,65,89,88,65,99,88,65,90,88,68,87,87,73,87,88,65,87,90,65,85,89,66,85,90,65,85,90,73,85,87,74,83,90,80,84,90,82,84,91,86,83,91,85,83,91,88,84,92,92,84,92,93,86,92,97,86,92,100,
91,82,112,91,82,112,91,83,111,91,83,111,91,83,112,91,83,111,91,83,101,85,83,87,80,83,72,73,83,67,70,83,66,67,83,66,64,83,66,64,83,66,67,83,66,67,83,66,67,84,66,71,84,66,80,82,66,80,80,66,86,78,65,90,80,65,88,79,65,93,81,65,100,74,65,91,72,65,102,77,65,103,72,65,104,75,65,105,72,65,105,76,65,107,72,65,112,76,65,112,84,65,111,95,65,113,102,65,118,104,65,121,110,65,122,112,65,119,111,65,112,112,65,111,112,65,111,111,65,111,103,65,109,114,65,101,116,65,110,118,65,111,118,65,111,96,65,110,113,65,110,120,65,110,123,65,110,126,65,110,127,65,110,131,65,110,132,65,110,132,65,110,132,65,110,132,65,110,132,65,110,132,65,110,132,65,110,130,65,110,127,65,110,114,65,110,110,65,106,111,65,106,103,65,111,124,65,111,106,65,111,107,65,109,111,65,111,102,65,106,91,65,107,107,65,91,92,66,93,90,66,103,88,66,99,88,66,100,93,66,103,90,65,88,88,80,97,87,65,89,90,65,87,92,75,86,86,65,86,86,65,85,90,74,85,87,75,85,84,67,84,90,80,84,90,91,83,90,93,82,91,94,82,92,97,80,92,97,81,92,98,80,92,98,81,92,100,82,92,100,
91,81,111,91,81,110,91,80,110,91,80,109,91,80,108,91,81,109,91,83,94,85,82,78,80,82,69,72,82,66,71,82,66,65,83,66,63,83,66,63,83,66,63,83,66,68,83,66,71,84,66,70,84,66,83,85,66,87,85,66,96,87,66,100,89,65,99,89,65,108,88,65,94,84,65,104,78,65,100,78,65,102,74,65,109,81,65,107,80,65,110,84,65,110,85,65,109,84,65,114,91,65,117,101,65,121,106,65,123,110,65,125,112,65,125,115,65,121,116,65,115,116,65,112,114,65,111,113,65,111,115,65,111,113,65,110,107,65,105,118,65,111,115,65,111,110,65,110,119,65,106,120,65,110,122,65,110,124,65,110,126,65,110,130,65,110,131,65,110,132,65,110,132,65,110,132,65,110,132,65,110,132,65,110,132,65,110,131,65,110,130,65,110,127,65,110,120,65,106,103,65,111,123,65,111,115,65,111,117,65,111,119,65,109,111,65,110,113,65,95,95,65,96,104,65,98,100,65,90,97,66,86,100,66,105,93,66,94,92,67,97,91,67,97,92,75,86,84,75,87,84,75,86,87,65,85,90,79,85,89,66,83,85,65,83,84,77,84,86,75,83,74,85,81,87,81,79,90,91,79,90,92,77,92,95,75,92,97,75,92,98,75,92,99,75,92,100,76,92,100,
92,80,110,92,80,109,92,80,109,92,80,109,92,80,107,91,80,100,90,80,88,85,81,74,78,82,67,72,82,66,67,82,66,65,82,66,63,82,66,63,83,66,66,83,66,63,83,66,77,84,66,83,84,66,89,90,66,97,90,66,105,94,66,108,95,65,112,98,65,114,98,65,109,96,65,110,91,65,112,89,65,108,86,65,111,85,65,114,88,65,114,94,65,116,95,65,118,97,65,115,101,65,121,105,65,123,111,65,125,114,65,126,115,65,126,116,65,126,116,65,118,116,65,115,116,65,112,116,65,111,115,65,112,117,65,109,118,65,107,106,65,111,118,65,100,106,65,111,118,65,110,120,65,110,120,65,110,122,65,110,124,65,110,126,65,110,130,65,110,132,65,110,132,65,109,132,65,107,132,65,108,132,65,110,132,65,110,131,65,110,132,65,110,132,65,111,132,65,111,124,65,110,115,65,111,99,65,111,99,65,111,114,65,108,110,65,110,103,65,109,94,65,107,97,65,108,106,65,105,100,66,102,100,66,94,90,67,87,96,67,94,93,74,102,92,71,87,90,79,87,92,78,84,90,66,85,81,77,83,92,71,83,90,70,83,90,76,76,90,69,78,82,69,75,77,80,75,83,91,75,90,91,75,90,94,75,92,96,75,92,99,75,92,99,75,92,100,75,92,100,
94,79,108,94,79,108,94,79,108,95,79,107,95,80,106,93,80,96,91,80,80,85,80,71,77,80,66,73,81,66,66,80,66,68,80,66,63,80,66,63,81,66,65,82,66,72,83,66,80,85,66,89,90,66,100,95,66,112,99,66,117,103,66,119,104,66,122,107,65,120,105,65,120,104,65,118,102,65,118,99,65,115,96,65,119,98,65,120,101,65,122,101,65,121,104,65,123,106,65,121,108,65,123,113,65,127,115,65,126,116,65,126,116,65,127,117,65,127,117,65,120,117,65,117,116,65,114,116,65,112,116,65,112,118,65,112,118,65,112,117,65,111,118,65,107,120,65,106,118,65,111,119,65,110,120,65,110,120,65,109,122,65,107,123,65,107,128,65,107,131,65,107,132,65,106,132,65,106,132,65,106,132,65,106,132,65,106,132,65,106,132,65,106,132,65,107,131,65,111,111,65,111,108,65,111,115,65,111,116,65,110,113,65,107,112,65,105,101,65,108,115,65,90,97,65,105,108,65,98,98,66,100,95,66,89,93,68,87,93,69,95,88,70,87,90,78,89,92,80,87,91,80,86,89,82,77,94,78,79,86,66,76,91,71,77,79,81,76,90,68,75,83,74,75,80,77,75,90,91,74,88,92,74,90,93,74,91,95,74,92,98,74,92,99,74,92,100,74,92,100,
97,79,107,96,79,106,96,79,106,95,78,105,94,78,105,93,78,92,91,79,76,87,79,68,79,79,66,70,79,66,66,80,66,66,80,66,63,80,66,64,80,66,69,80,66,78,83,66,89,85,66,102,93,66,112,101,66,119,105,66,125,111,66,127,111,66,126,111,66,127,111,65,127,111,65,125,108,65,123,107,65,123,106,65,125,106,65,126,108,65,126,110,65,127,111,65,126,113,65,124,112,65,126,114,65,127,116,65,127,116,65,127,116,65,127,117,65,127,117,65,122,117,65,118,117,65,116,116,65,113,117,65,112,118,65,112,118,65,112,118,65,112,119,65,111,120,65,111,120,65,111,120,65,108,120,65,107,120,65,107,120,65,106,121,65,106,123,65,105,131,65,105,132,65,103,132,65,103,132,65,103,132,65,103,132,65,103,132,65,104,132,65,104,132,65,104,132,65,104,118,65,105,132,65,109,122,65,108,118,65,109,118,65,108,121,65,104,119,65,103,114,65,97,106,65,104,115,66,94,98,66,98,95,66,87,90,70,94,90,69,87,92,77,97,96,80,86,86,80,86,92,74,79,94,80,83,89,80,81,89,83,77,91,83,75,70,80,75,88,81,75,86,83,74,74,74,74,84,81,74,82,92,74,91,93,74,90,95,74,91,97,74,92,99,74,92,99,74,92,100,
98,79,106,97,78,105,96,78,105,95,78,104,94,78,100,94,78,89,92,78,73,86,78,67,77,79,66,73,79,66,71,79,66,66,79,66,71,80,66,71,80,66,76,80,66,84,85,66,96,89,66,111,100,66,120,105,66,123,109,66,129,113,66,131,113,66,130,114,66,129,114,66,128,113,65,128,112,65,127,110,65,125,110,65,127,113,65,128,115,65,129,117,65,129,116,65,129,116,65,129,115,65,129,116,65,128,116,65,127,116,65,127,116,65,128,117,65,127,117,65,126,117,65,121,117,65,118,117,65,115,118,65,113,118,65,112,118,65,112,119,65,112,120,65,112,120,65,109,120,65,107,120,65,107,120,65,106,120,65,103,120,65,102,121,65,100,122,65,98,130,65,98,132,65,96,132,65,96,132,65,96,132,65,98,132,65,98,132,65,99,132,65,101,132,65,101,132,65,102,132,65,104,132,65,99,114,65,105,123,65,108,121,65,102,111,65,99,113,65,102,116,65,89,104,65,95,117,66,88,114,66,96,97,66,98,103,68,87,95,72,87,90,71,86,96,73,86,90,78,86,85,71,84,85,71,73,88,89,76,87,82,74,92,84,68,92,78,69,90,86,73,90,89,74,72,73,74,75,82,74,91,87,74,92,93,74,92,94,74,91,96,74,92,99,74,92,99,74,92,100,
98,78,105,98,78,105,97,77,105,95,77,104,95,77,97,95,77,87,93,77,72,91,77,67,80,77,66,75,78,66,70,79,66,75,79,66,63,79,66,69,80,66,77,83,66,91,87,66,106,97,66,117,103,66,123,109,66,128,113,66,130,114,66,132,116,66,132,115,66,129,115,66,128,114,66,128,114,66,128,113,65,128,113,65,130,116,65,129,117,65,129,117,65,129,117,65,129,117,65,129,117,65,129,116,65,129,117,65,129,117,65,129,116,65,128,117,65,127,117,65,129,117,65,123,117,66,120,118,65,117,118,65,114,119,65,113,119,65,112,119,65,112,120,65,107,120,65,107,120,65,106,120,65,103,120,65,100,120,65,98,120,65,95,120,65,95,122,65,92,129,65,92,132,65,91,132,65,92,132,65,93,132,65,93,132,65,93,132,65,96,132,65,96,132,65,96,132,65,99,132,65,100,132,65,101,125,65,101,129,65,99,122,65,98,122,65,97,106,65,95,121,65,88,115,65,92,117,66,95,107,66,84,104,69,85,98,68,85,103,70,86,97,77,86,103,75,88,96,80,85,84,72,81,84,84,77,88,78,74,78,86,74,93,83,73,92,82,73,90,78,71,91,69,72,67,69,73,88,80,73,82,78,74,92,79,74,92,93,74,92,93,74,93,95,74,93,100,74,93,100,
98,77,105,98,77,105,97,76,104,95,76,103,95,76,96,95,77,84,95,77,72,92,77,67,83,77,66,77,77,66,75,78,66,70,78,66,77,78,66,78,79,66,85,83,66,98,89,66,110,100,66,122,107,66,128,111,66,129,113,66,132,115,66,132,116,66,132,116,66,130,115,66,129,115,66,128,114,66,129,115,66,129,116,66,130,116,65,130,117,65,129,117,65,129,117,65,129,117,65,129,117,65,129,117,65,129,117,65,129,117,65,129,117,65,129,118,65,130,118,66,129,118,66,128,119,66,121,119,66,120,119,65,116,119,65,114,119,65,113,119,65,107,119,65,107,120,65,105,120,65,102,120,65,99,120,65,96,120,65,93,120,65,90,120,65,87,122,65,85,127,65,83,132,65,82,132,65,83,132,65,83,132,65,84,132,65,86,132,65,86,132,65,86,132,65,87,132,65,89,132,65,93,132,65,93,125,65,91,132,65,86,117,65,90,110,65,92,120,65,88,110,65,83,119,66,85,119,66,85,113,66,83,117,66,86,98,68,88,98,74,86,101,78,86,90,81,82,99,71,83,95,70,74,97,76,75,83,87,74,83,77,73,81,87,73,83,86,73,92,88,73,82,79,73,92,84,73,92,79,73,83,92,73,89,88,74,89,87,74,92,93,74,93,97,74,93,100,74,93,100,
98,76,105,98,76,104,98,76,103,96,76,103,96,76,95,96,76,84,95,76,71,93,76,67,90,77,66,81,77,66,75,77,66,70,78,66,78,78,66,73,79,66,82,85,66,99,93,66,116,103,66,124,109,66,129,113,66,130,114,66,132,115,66,132,116,66,132,116,66,131,116,66,130,115,66,130,115,66,129,116,66,130,117,66,130,117,66,130,117,66,130,117,66,130,117,66,130,117,66,130,117,65,129,117,66,130,117,66,130,117,66,130,117,66,130,117,66,130,118,66,129,119,66,130,119,66,124,119,66,121,119,66,119,119,65,116,119,65,113,119,65,107,119,65,105,119,65,103,120,65,97,120,65,94,120,65,91,120,65,85,120,65,81,120,65,79,121,65,78,127,65,78,132,65,77,132,65,76,132,65,76,132,65,77,132,65,76,132,65,77,132,65,79,132,65,81,132,65,82,132,65,81,132,65,80,132,65,80,132,65,80,132,65,80,124,65,79,120,65,79,115,65,85,120,66,85,129,66,85,125,66,84,120,66,85,102,69,86,104,69,83,101,76,81,104,69,84,99,74,74,97,72,75,85,76,74,94,88,73,93,88,70,82,84,70,90,80,72,76,85,72,89,73,72,91,90,72,89,76,72,92,90,73,92,93,69,92,84,74,92,95,74,94,85,72,89,97,74,95,100,
98,76,104,98,76,104,98,76,104,96,76,102,96,76,95,96,76,84,96,76,70,96,76,66,92,76,66,84,76,66,76,77,66,73,78,66,83,78,66,87,79,66,86,83,66,104,93,66,118,104,66,126,111,66,129,113,66,131,114,66,132,116,66,132,116,66,132,115,66,132,115,66,131,115,66,130,116,66,130,117,66,131,117,66,131,118,66,130,118,66,130,118,66,130,118,66,130,117,66,130,117,66,130,117,66,130,117,66,130,117,66,130,118,66,131,118,66,131,119,66,130,119,66,130,119,66,130,119,66,123,119,66,120,119,66,114,119,65,112,119,65,108,119,65,102,120,65,100,120,65,94,120,65,89,120,65,82,120,65,79,120,65,76,120,65,76,121,65,76,129,65,76,132,65,76,132,65,76,132,65,76,132,65,76,132,65,76,132,65,76,132,65,76,132,65,76,132,65,76,132,65,76,132,65,76,131,65,76,132,65,76,130,65,77,120,65,81,120,65,79,131,66,80,127,66,79,119,66,81,119,66,85,119,67,86,109,72,87,101,67,78,101,75,76,105,74,77,86,77,71,93,77,74,96,86,74,96,75,68,95,80,67,89,86,72,85,85,68,81,88,68,85,81,72,87,91,72,93,76,72,93,80,69,82,93,72,94,89,72,95,87,74,97,100,74,98,102,74,98,103,
100,76,105,99,76,104,98,76,104,96,76,102,96,76,95,97,76,84,98,76,70,97,76,66,93,76,66,89,76,66,85,76,66,81,77,66,91,77,66,89,78,66,86,83,66,106,92,66,120,104,66,127,112,66,131,113,66,131,114,66,132,115,66,132,115,66,133,115,66,133,115,66,131,116,66,130,116,66,131,116,66,131,117,66,131,117,66,131,118,66,131,118,66,131,118,66,131,118,66,131,118,66,130,118,66,130,118,66,130,118,66,130,118,66,130,119,66,130,119,66,130,119,66,130,119,66,130,119,66,130,119,66,120,119,66,116,119,66,112,119,65,107,120,65,101,120,65,95,120,65,88,120,65,81,120,65,78,120,65,76,120,65,76,120,65,76,122,65,76,129,65,76,133,65,76,133,65,76,132,65,76,133,65,76,132,65,76,132,65,76,132,65,76,132,65,76,132,65,76,132,65,76,132,65,76,132,65,76,132,65,76,134,65,76,124,65,78,131,66,79,125,66,80,131,66,79,123,66,77,117,66,82,114,67,74,124,73,74,114,68,80,106,66,73,113,80,75,104,75,71,105,75,73,97,77,71,95,79,71,92,80,70,89,81,68,88,86,68,85,84,71,93,80,71,93,88,71,93,82,71,94,85,71,95,81,71,96,94,72,101,102,73,103,102,73,106,98,73,103,95,
100,76,105,101,76,105,101,76,105,98,76,102,98,76,97,98,76,84,98,76,70,98,76,67,97,76,66,95,76,66,89,76,66,81,76,66,85,77,66,78,77,66,93,81,66,102,89,66,116,101,66,126,112,66,130,114,66,131,115,66,133,116,66,133,116,66,133,116,66,133,116,66,132,116,66,131,116,66,131,117,66,131,117,66,131,117,66,131,117,66,131,117,66,131,118,66,130,118,66,130,118,66,130,118,66,130,118,66,129,118,66,128,119,66,128,119,66,128,119,66,128,119,66,127,119,66,127,119,66,128,119,66,122,119,66,117,119,66,110,119,66,105,120,65,100,120,65,91,119,65,85,120,65,77,120,65,76,120,65,76,120,65,76,120,65,76,122,65,76,129,65,76,133,65,76,133,65,76,133,65,76,133,65,76,133,65,76,133,65,76,132,65,76,132,65,76,133,65,76,132,65,76,132,65,76,133,65,76,134,65,76,134,66,76,134,66,76,132,66,78,130,66,78,132,66,77,130,66,78,126,66,74,129,66,73,106,73,77,109,66,74,93,66,73,105,79,70,101,71,72,88,78,72,95,74,68,96,80,69,94,81,68,92,84,68,92,84,68,93,86,68,89,86,69,95,86,69,90,91,70,96,92,71,100,91,71,107,99,71,107,103,72,111,102,73,113,105,73,114,101,
104,76,104,104,76,104,103,76,104,103,76,103,102,76,97,102,76,88,102,76,71,102,76,67,102,76,66,97,76,66,95,76,66,88,76,66,93,76,66,76,77,66,87,80,66,106,88,66,116,100,66,126,110,66,130,113,66,132,114,66,133,115,66,133,115,66,133,115,66,133,115,66,133,116,66,131,116,66,131,116,66,131,117,66,131,117,66,131,117,66,131,117,66,130,117,66,130,118,66,130,118,66,129,118,66,128,118,66,127,118,66,126,118,66,125,119,66,123,119,66,123,119,66,123,119,66,124,119,66,118,119,66,118,119,66,113,119,66,107,120,66,101,116,66,93,116,65,88,108,65,78,113,65,76,120,65,76,120,65,76,120,65,76,121,65,76,123,65,76,130,65,76,132,65,76,133,65,76,134,65,76,133,65,76,133,65,76,133,65,76,133,65,76,133,65,76,133,65,76,133,65,76,133,66,76,134,66,76,135,66,76,135,66,76,134,66,76,134,66,76,133,66,76,131,66,74,130,66,74,128,66,73,112,66,74,112,66,74,107,69,74,99,67,72,105,71,70,90,74,69,89,83,70,90,81,67,98,79,67,92,80,66,92,84,68,94,83,68,95,86,68,96,87,71,96,86,71,99,87,71,104,93,71,109,99,71,114,101,71,116,103,71,121,107,72,121,108,73,121,110,
105,76,104,105,76,104,104,76,104,104,76,104,103,76,102,102,76,90,102,76,74,103,76,67,104,76,66,105,76,66,106,76,66,94,76,66,91,76,66,82,77,66,91,77,66,100,84,66,115,93,66,121,106,66,129,110,66,132,115,66,133,115,66,133,116,66,133,116,66,133,116,66,133,116,66,131,116,66,131,116,66,131,116,66,131,116,66,130,117,66,130,117,66,130,117,66,129,117,66,128,118,66,127,118,66,125,118,66,124,118,66,117,118,66,117,119,66,117,119,66,117,119,66,118,119,66,118,119,66,112,119,66,111,119,66,108,120,66,103,120,66,96,117,66,91,114,66,81,120,66,76,112,65,76,120,65,76,120,65,76,120,65,76,121,65,76,124,65,76,131,65,76,132,65,76,133,65,76,134,65,76,133,65,76,134,65,76,134,65,76,134,66,76,134,66,76,135,66,76,136,66,76,135,66,76,136,66,76,133,66,76,135,66,76,136,66,76,136,66,76,134,66,76,134,66,75,129,66,75,128,66,74,130,66,74,128,66,73,101,70,73,109,67,72,107,66,71,101,69,69,96,75,69,99,83,69,98,82,68,96,83,68,96,83,66,96,85,68,96,86,68,96,90,70,98,88,71,104,95,71,110,97,71,115,105,71,120,108,71,124,112,71,124,112,72,124,113,72,125,114,
109,76,104,108,76,104,107,76,104,106,76,104,106,76,104,105,76,94,105,76,76,108,76,68,111,76,66,111,76,66,106,76,66,101,76,66,93,76,66,83,76,66,101,77,66,102,81,66,109,88,66,118,101,66,124,109,66,131,114,66,133,115,66,133,115,66,133,116,66,133,116,66,133,116,66,132,116,66,131,116,66,130,116,66,130,116,66,130,116,66,130,116,66,129,117,66,127,117,66,126,117,66,118,118,66,117,118,66,115,118,66,114,118,66,113,118,66,113,120,66,113,119,66,113,119,66,111,119,66,111,120,66,108,120,66,103,120,66,98,120,66,93,118,66,85,118,66,77,114,66,76,120,66,76,120,66,76,120,66,76,121,66,76,123,65,76,125,65,76,134,65,76,136,65,76,137,65,76,138,66,76,138,66,76,136,66,76,135,66,76,135,66,76,136,66,76,137,66,76,137,66,76,138,66,76,137,66,76,137,66,76,136,66,76,137,66,76,137,66,75,137,66,75,135,66,75,131,66,74,131,66,73,125,66,74,127,66,73,102,68,72,100,66,71,107,66,71,111,79,71,109,77,71,97,81,71,96,82,68,95,81,68,96,82,68,96,85,69,99,86,69,98,87,71,106,93,71,110,96,71,116,103,71,121,108,71,124,110,71,126,112,71,126,114,72,127,115,72,127,115,
113,76,104,113,76,104,112,76,104,111,76,104,111,76,104,113,76,97,112,76,81,112,76,69,112,76,66,112,76,66,110,76,66,111,76,66,103,76,66,107,76,66,95,77,66,82,79,66,106,84,66,114,95,66,121,104,66,130,112,66,132,115,66,132,115,66,133,115,66,133,115,66,133,116,66,133,116,66,132,116,66,131,116,66,129,116,66,130,116,66,128,116,66,127,116,66,124,117,66,117,117,66,115,117,66,114,118,66,113,118,66,112,118,66,111,118,66,111,120,66,111,120,66,111,120,66,108,120,66,107,120,66,104,120,66,98,120,66,94,120,66,88,120,66,78,107,66,76,120,66,76,109,66,76,120,66,76,120,66,76,121,66,76,127,66,76,134,66,76,137,66,76,138,66,76,139,66,76,141,66,76,141,66,76,141,66,76,139,66,76,138,66,76,139,66,76,139,66,76,139,66,76,139,66,76,138,66,76,138,66,76,134,66,76,138,66,76,138,66,76,139,66,75,137,66,75,134,66,75,129,66,74,129,66,73,125,66,72,114,66,72,113,66,71,104,69,71,109,73,71,97,73,71,97,78,71,106,80,71,103,81,69,97,84,71,99,83,71,102,88,71,107,90,71,109,95,71,116,101,71,120,106,71,124,109,71,126,112,71,126,114,71,127,115,72,127,115,72,127,115,
113,76,104,113,76,104,113,76,104,113,76,104,113,76,104,113,76,99,113,76,85,112,76,72,112,76,66,112,76,66,112,76,66,112,76,66,110,76,66,110,76,66,93,76,66,101,77,66,93,78,66,108,85,66,121,100,66,126,108,66,131,114,66,132,115,66,132,115,66,133,115,66,133,115,66,133,116,66,133,116,66,130,116,66,130,116,66,128,116,66,126,116,66,118,116,66,114,116,66,113,117,66,112,117,66,111,118,66,111,118,66,111,118,66,111,118,66,111,119,66,111,120,66,111,120,66,107,120,66,106,120,66,102,120,66,96,120,66,90,120,66,80,119,66,76,119,66,76,119,66,76,110,66,76,120,66,76,121,66,76,125,66,76,130,66,76,136,66,76,140,66,76,142,66,76,144,66,76,145,66,76,145,66,76,143,66,76,142,66,76,141,66,76,140,66,76,140,66,76,141,66,76,141,66,76,141,66,76,138,66,76,137,66,76,138,66,76,138,66,76,140,66,75,138,66,75,136,66,75,129,66,74,128,66,74,116,66,72,116,66,72,109,66,71,102,66,71,97,71,71,88,79,71,106,80,71,106,81,70,99,84,71,102,85,71,110,89,71,109,92,71,116,95,71,114,98,71,119,103,71,123,108,71,125,112,71,126,113,71,127,114,71,127,115,72,127,115,72,127,115,
113,76,104,113,76,104,113,76,104,113,76,104,113,76,104,113,76,103,113,76,92,113,76,77,113,75,66,113,75,66,112,75,66,111,75,66,109,76,66,113,76,66,112,76,66,108,76,66,106,77,66,112,79,66,121,90,66,124,103,66,130,112,66,131,115,66,132,115,66,132,115,66,133,115,66,133,115,66,132,116,66,132,116,66,129,116,66,125,116,66,117,116,66,115,116,66,112,116,66,112,116,66,111,117,66,111,117,66,111,118,66,111,118,66,111,118,66,111,119,66,111,120,66,111,120,66,107,120,66,105,120,66,99,120,66,93,120,66,85,120,66,78,120,66,76,106,66,76,115,66,76,116,66,76,118,66,76,123,66,76,128,66,76,133,66,76,139,66,76,143,66,76,144,66,76,146,66,76,147,66,76,145,66,76,145,66,76,144,66,76,142,66,76,141,66,76,141,66,76,141,66,76,141,66,76,140,66,76,140,66,76,138,66,76,138,66,76,139,66,76,139,66,76,138,66,75,135,66,74,133,66,74,127,66,73,116,66,73,117,66,72,110,66,72,95,67,71,99,71,71,92,75,71,99,79,71,107,79,71,110,85,71,104,90,71,115,88,71,122,94,71,122,96,71,124,100,71,124,106,71,125,110,71,126,112,71,127,114,71,127,115,72,127,115,72,127,115,72,127,115,
113,76,104,113,76,104,113,76,104,113,76,104,113,76,103,113,76,102,113,76,97,113,75,82,113,75,68,113,75,66,113,75,66,113,75,66,109,75,66,109,75,66,113,76,66,116,76,66,116,76,66,116,76,66,115,84,66,123,96,66,129,107,66,132,115,66,132,115,66,132,115,66,132,115,66,133,115,66,132,116,66,132,116,66,127,116,66,119,116,66,115,116,66,112,116,66,111,116,66,111,116,66,111,117,66,111,117,66,111,118,66,111,118,66,111,118,66,111,119,66,111,120,66,110,120,66,105,120,66,101,120,66,96,120,66,87,120,66,80,120,66,77,118,66,76,106,66,76,118,66,76,108,66,76,114,66,76,122,66,76,130,66,76,137,66,76,141,66,76,144,66,76,146,66,76,147,66,76,146,66,76,146,66,76,146,66,76,145,66,76,143,66,76,143,66,76,143,66,76,143,66,76,143,66,76,142,66,76,141,66,76,141,66,76,139,66,76,140,66,76,139,66,76,137,66,74,135,66,74,132,66,74,131,66,73,126,66,73,123,66,72,105,66,72,106,66,71,100,66,71,99,76,71,107,79,71,102,79,71,105,86,71,114,87,71,117,93,71,123,94,71,123,97,71,124,102,71,124,107,71,126,111,71,126,113,71,127,115,71,127,115,72,127,115,72,127,115,72,127,115,
113,76,104,113,76,104,113,76,104,113,76,102,113,76,102,113,76,102,113,75,102,113,75,85,113,75,72,113,75,66,113,75,66,113,75,66,112,75,66,100,75,66,115,75,66,105,76,66,116,76,66,101,76,66,119,79,66,122,90,66,126,100,66,131,114,66,132,115,66,132,115,66,132,115,66,132,115,66,132,115,66,129,116,66,122,116,66,116,116,66,113,116,66,111,116,66,111,116,66,111,116,66,111,116,66,111,117,66,111,118,66,111,118,66,111,118,66,111,119,66,111,120,66,108,120,66,105,120,66,101,120,66,91,120,66,86,120,66,79,120,66,76,120,66,76,112,66,76,106,66,76,115,66,76,121,66,76,124,66,76,131,66,76,136,66,76,142,66,76,146,66,76,147,66,76,147,66,76,146,66,76,146,66,76,146,66,76,145,66,76,145,66,76,145,66,76,145,66,76,145,66,76,144,66,76,145,66,76,144,66,76,142,66,76,141,66,76,141,66,76,140,66,76,138,66,74,135,66,74,131,66,74,131,66,74,122,66,73,123,66,72,107,66,72,99,68,72,97,72,71,107,71,71,108,80,71,100,79,71,122,92,71,122,92,71,123,95,71,123,97,71,124,98,71,124,101,71,127,107,71,127,112,71,127,112,71,127,114,72,127,115,72,127,115,72,127,115,72,128,116,
113,76,104,113,76,104,113,76,103,113,76,102,113,76,102,113,75,102,113,75,102,113,75,96,113,75,79,113,75,67,113,75,66,113,75,66,112,75,66,110,75,66,116,75,66,115,75,66,91,76,66,117,76,66,116,76,66,120,85,66,126,100,66,130,107,66,132,115,66,132,115,66,132,115,66,130,115,66,132,115,66,126,115,66,118,116,66,114,116,66,112,116,66,111,116,66,111,116,66,111,116,66,111,116,66,111,117,66,111,118,66,111,118,66,111,118,66,111,119,66,111,120,66,108,120,66,105,120,66,101,120,66,89,120,66,85,120,66,78,120,66,76,121,66,76,103,66,76,121,66,76,107,66,76,109,66,76,123,66,76,130,66,76,135,66,76,141,66,76,146,66,76,147,66,76,147,66,76,148,66,76,147,66,76,147,66,76,147,66,76,147,66,76,147,66,76,147,66,76,146,66,76,146,66,76,145,66,76,145,66,76,144,66,76,142,66,76,143,66,76,141,66,75,138,66,74,139,66,74,132,66,74,129,66,73,129,66,73,118,66,73,108,66,72,102,66,72,107,69,71,108,72,71,108,76,71,104,80,71,122,84,71,123,92,71,124,95,71,124,97,71,124,99,71,127,100,71,127,108,71,127,111,71,127,112,71,127,115,72,127,115,72,127,115,72,127,115,72,128,116,
113,76,104,113,76,103,113,76,102,113,76,102,113,75,102,113,75,102,113,75,102,113,75,102,113,75,85,113,75,69,113,75,66,113,75,66,113,75,66,116,75,66,107,75,66,116,75,66,105,75,66,114,76,66,117,76,66,119,84,66,121,98,66,127,106,66,132,111,66,132,115,66,131,115,66,130,115,66,129,115,66,119,115,66,116,116,66,112,116,66,111,116,66,111,116,66,111,116,66,111,116,66,111,116,66,111,116,66,111,117,66,111,118,66,111,118,66,111,119,66,111,120,66,108,120,66,104,120,66,100,120,66,89,120,66,83,121,66,77,121,66,76,122,66,76,103,66,76,122,66,76,108,66,76,116,66,76,117,66,76,125,66,76,135,66,76,140,66,76,146,66,76,147,66,76,147,66,76,148,66,76,148,66,76,148,66,76,148,66,76,148,66,76,147,66,76,147,66,76,147,66,76,147,66,76,147,66,76,146,66,76,145,66,76,146,66,76,143,66,76,140,66,74,140,66,74,136,66,74,136,66,74,133,66,73,130,66,73,128,66,73,114,66,72,109,66,72,113,74,72,108,75,72,118,75,71,110,80,71,123,90,71,124,93,71,125,96,71,124,96,71,125,99,71,126,101,71,127,107,71,127,111,72,127,113,72,127,115,72,127,115,72,127,115,72,127,116,72,127,116,
113,76,104,113,76,103,113,76,103,113,76,102,113,75,102,113,75,102,113,75,102,113,75,101,113,75,88,113,75,70,113,75,66,113,75,66,115,75,66,116,75,66,116,75,66,93,75,66,116,75,66,117,75,66,115,76,66,118,81,66,119,94,66,125,103,66,132,108,66,133,115,66,132,115,66,130,115,66,123,115,66,116,115,66,114,116,66,111,116,66,111,116,66,111,116,66,111,116,66,111,116,66,111,116,66,111,116,66,111,117,66,111,118,66,111,118,66,111,119,66,111,121,66,110,121,66,104,121,66,100,121,66,89,121,66,82,121,66,77,121,66,76,121,66,76,124,66,76,107,66,76,102,66,76,104,66,76,113,66,76,124,66,76,131,66,76,139,66,76,144,66,76,147,66,76,148,66,76,148,66,76,148,66,76,148,66,76,148,66,76,148,66,76,148,66,76,147,66,76,147,66,76,147,66,76,147,66,76,147,66,76,147,66,76,145,66,76,143,66,76,140,66,74,140,66,74,138,66,74,137,66,74,133,66,74,132,66,73,129,66,73,128,66,73,118,66,73,107,70,72,113,75,73,122,77,72,123,78,72,123,88,71,123,92,71,123,96,71,124,99,71,125,99,71,126,102,72,126,107,72,126,110,72,127,113,72,126,115,72,126,115,72,127,116,72,127,116,72,127,116,
114,76,104,114,76,103,113,76,103,113,76,103,113,75,103,113,75,103,113,75,103,113,75,103,113,75,92,114,75,73,114,75,66,115,75,66,114,75,66,116,75,66,112,75,66,102,75,66,116,75,66,107,75,66,111,76,66,118,76,66,119,88,66,122,97,66,130,104,66,131,114,66,131,115,66,128,115,66,119,115,66,116,115,66,113,115,66,111,116,66,111,116,66,111,116,66,111,116,66,111,116,66,111,116,66,111,116,66,111,117,66,111,118,66,111,118,66,111,120,66,111,121,66,111,121,66,105,121,66,100,121,66,90,121,66,83,122,66,77,123,66,76,124,66,76,123,66,76,107,66,76,109,66,76,106,66,76,106,66,76,119,66,76,130,66,76,137,66,76,142,66,76,146,66,76,148,66,76,148,66,76,148,66,76,148,66,76,148,66,76,148,66,76,148,66,76,148,66,76,148,66,76,147,66,76,147,66,76,147,66,76,146,66,76,145,66,76,143,66,75,141,66,74,139,66,74,139,66,73,137,66,73,136,66,73,131,66,73,130,66,73,127,66,73,123,66,73,125,69,73,116,75,73,119,79,72,123,84,72,123,86,72,123,92,72,123,95,72,123,97,72,124,99,72,125,103,72,125,108,72,126,110,72,126,113,72,126,115,72,127,116,72,127,116,72,127,116,72,127,116,
114,76,105,114,76,103,114,76,103,114,75,103,114,75,103,114,75,103,114,75,102,114,75,102,114,75,93,114,75,79,105,75,66,114,75,66,115,75,66,115,75,66,116,75,66,116,75,66,116,75,66,115,75,66,117,75,66,117,76,66,117,81,66,120,88,66,126,98,66,127,109,66,129,115,66,124,115,66,117,115,66,114,115,66,112,115,66,111,116,66,111,116,66,111,116,66,111,116,66,111,116,66,111,116,66,111,116,66,110,118,66,110,118,66,110,119,66,111,121,67,111,123,67,111,124,67,106,124,67,101,124,67,93,124,66,84,125,66,77,125,66,76,124,66,76,111,66,76,93,66,76,108,66,76,95,66,76,109,66,76,113,66,76,128,66,76,134,66,76,139,66,76,144,66,76,148,66,76,148,66,76,148,66,76,148,66,76,148,66,76,148,66,76,148,66,76,148,66,76,148,66,76,148,66,76,148,66,76,146,66,76,146,66,75,144,66,75,143,66,75,141,66,74,141,66,73,139,66,73,137,66,73,136,66,73,132,66,73,129,66,73,128,66,73,125,66,73,126,66,73,122,76,73,126,76,73,118,85,72,124,86,72,123,94,72,123,96,72,124,99,72,125,100,72,125,104,72,126,107,72,126,110,72,127,114,72,127,116,72,127,116,72,126,116,72,127,116,72,127,116,
114,76,106,114,75,104,114,75,103,114,75,103,114,75,103,114,75,102,114,75,102,114,75,102,114,75,94,114,75,83,104,75,72,93,75,66,115,75,66,81,75,66,116,75,66,116,75,66,116,75,66,116,75,66,111,75,66,116,76,66,118,75,66,116,80,66,123,94,66,121,102,66,127,110,66,119,113,66,115,115,66,112,115,66,112,115,66,111,116,66,111,116,66,111,116,66,111,116,66,110,116,66,109,116,66,109,116,66,109,118,66,109,118,66,109,119,67,110,123,68,110,124,68,111,127,70,106,127,70,101,127,68,95,127,66,86,126,66,79,126,66,76,120,66,76,121,66,76,109,66,76,108,66,76,85,66,76,89,66,76,109,66,76,126,66,76,133,66,76,137,66,76,142,66,76,146,66,76,146,66,76,147,66,76,148,66,76,148,66,76,148,66,76,148,66,76,148,66,76,148,66,76,148,66,76,147,66,76,147,66,75,146,66,75,145,66,74,144,66,74,141,66,74,141,66,73,140,66,73,139,66,73,136,66,73,134,66,73,130,66,73,128,66,73,126,66,73,125,66,73,115,66,73,126,79,73,125,83,73,126,85,72,125,90,72,126,97,72,126,100,72,126,102,72,126,105,72,126,108,72,127,112,72,127,114,72,126,116,72,127,116,72,127,116,72,127,116,72,127,116,
114,76,106,114,75,105,114,75,105,114,75,104,114,75,104,114,75,103,114,75,103,114,74,103,114,74,100,105,74,85,104,74,75,114,74,66,109,75,66,96,75,66,116,75,66,101,75,66,109,75,66,112,75,66,109,75,66,116,75,66,118,75,66,119,76,66,119,81,66,118,93,66,116,103,66,114,103,66,113,112,66,112,115,66,112,113,66,111,116,66,111,116,66,110,116,66,110,116,66,109,116,66,109,116,66,109,116,66,109,118,66,109,119,66,109,121,67,109,124,68,110,127,69,110,127,70,108,127,70,103,127,70,96,127,67,90,126,66,82,125,66,76,121,66,76,118,66,76,118,66,76,109,66,76,92,66,76,100,66,76,107,66,76,114,66,76,131,66,76,134,66,76,138,66,76,144,66,76,145,66,76,145,66,76,145,66,76,146,66,76,147,66,76,147,66,76,148,66,76,148,66,76,147,66,76,147,66,75,147,66,75,147,66,74,145,66,74,145,66,74,143,66,74,141,66,73,140,66,73,137,66,73,134,66,73,134,66,73,130,66,73,129,66,73,127,66,73,118,66,73,126,66,73,124,81,73,125,83,73,125,85,73,126,92,72,126,99,72,123,100,72,121,103,73,122,104,72,125,108,72,125,111,72,125,115,72,126,116,72,126,116,72,127,116,72,127,117,73,127,117,
114,75,106,114,75,105,114,75,104,114,75,104,114,75,104,114,75,104,114,74,104,114,74,103,108,74,102,114,74,87,104,74,77,102,74,71,81,74,66,116,75,66,116,75,66,116,75,66,116,75,66,116,75,66,116,74,66,116,75,66,116,75,66,118,77,66,118,78,66,106,89,66,119,88,66,110,103,66,113,102,66,112,100,66,112,115,66,111,115,66,110,116,66,110,116,66,109,116,66,109,116,66,109,116,66,109,116,66,109,118,66,109,120,67,109,122,68,109,126,69,109,126,70,110,127,70,110,127,70,104,128,70,100,129,67,94,129,66,84,127,66,76,120,66,76,120,66,76,97,66,76,116,66,76,82,66,76,109,66,76,98,66,76,112,66,76,130,66,76,133,66,76,136,66,76,142,66,76,144,66,76,145,66,76,145,66,76,145,66,76,145,66,76,146,66,76,147,66,76,146,66,76,147,66,75,147,66,75,147,66,74,147,66,74,146,66,74,145,66,74,145,66,74,141,66,74,140,66,73,140,66,73,135,66,73,133,66,73,129,66,73,128,66,73,127,66,73,123,66,73,126,66,73,126,70,73,123,84,73,121,87,73,121,92,73,121,101,73,121,103,72,121,103,72,121,103,72,121,107,72,123,110,73,123,112,73,125,115,72,126,116,73,126,117,73,127,118,73,127,118,
114,75,106,114,75,106,114,75,104,114,75,104,114,75,104,114,74,104,114,74,104,114,74,104,114,74,104,108,74,95,91,74,83,97,74,75,105,74,66,91,74,66,87,74,66,116,74,66,103,74,66,115,74,66,108,74,66,114,75,66,103,75,66,115,76,66,115,78,66,104,85,66,112,78,66,110,92,66,113,97,66,112,96,66,112,109,66,111,107,66,110,116,66,109,116,66,109,116,66,109,116,66,109,116,66,109,117,66,109,119,67,109,121,67,109,125,69,109,126,70,109,126,70,109,126,70,110,127,70,107,128,71,101,129,70,95,129,67,87,127,66,79,129,66,76,119,66,76,116,66,76,111,66,76,101,66,76,98,66,76,103,66,76,113,66,76,129,66,76,132,66,76,135,66,76,141,66,76,144,66,76,145,66,76,145,66,76,145,66,76,145,66,76,145,66,76,145,66,76,146,66,75,145,66,75,146,66,74,147,66,74,147,66,74,147,66,74,147,66,74,146,66,74,143,66,74,140,66,73,138,66,73,135,66,73,129,66,73,131,66,73,125,66,73,125,66,73,127,66,73,127,69,73,118,66,73,127,86,73,112,87,73,121,93,73,120,102,73,121,103,73,120,105,73,120,105,73,120,107,73,121,110,73,122,112,73,124,115,73,125,116,73,126,116,73,127,118,73,127,118,
114,75,106,114,75,106,114,75,104,114,75,104,114,75,104,114,74,104,114,74,104,114,74,104,113,74,104,100,74,99,99,74,86,93,74,77,102,74,74,115,74,66,97,74,66,110,74,66,114,74,66,98,74,66,104,74,66,90,74,66,114,75,66,96,76,66,114,75,66,109,80,66,111,84,66,112,82,66,113,94,66,112,101,66,112,87,66,107,94,66,110,116,66,109,103,66,109,116,66,109,116,66,109,116,66,109,118,66,109,121,67,109,122,68,109,124,69,109,126,70,109,126,70,109,126,70,109,126,70,109,128,70,101,129,71,96,129,68,90,129,66,79,124,66,76,125,66,76,127,66,76,125,66,76,109,66,76,114,66,76,99,66,76,121,66,76,125,66,76,132,66,76,134,66,76,140,66,76,143,66,76,145,66,76,145,66,76,145,66,76,145,66,76,145,66,76,144,66,75,145,66,75,145,66,74,145,66,74,146,66,74,147,66,74,147,66,74,147,66,74,147,66,74,143,66,74,140,66,74,132,66,73,126,66,73,128,66,73,126,66,73,128,66,73,117,66,73,127,69,73,120,66,73,123,66,73,120,82,73,121,85,73,120,93,73,121,104,73,120,104,73,120,106,73,119,107,73,120,109,73,121,111,73,120,112,73,121,113,73,124,115,73,126,118,73,126,118,73,127,118,
114,75,106,114,75,106,114,75,105,114,75,104,114,75,104,114,74,104,115,74,104,115,74,104,115,74,102,115,74,100,112,74,94,101,74,82,109,74,73,108,74,69,114,74,66,113,73,66,113,73,66,109,72,66,94,72,66,114,73,66,105,73,66,90,73,66,112,73,66,91,74,66,107,75,66,107,79,66,97,79,66,108,82,66,103,88,66,102,86,66,110,99,66,109,95,66,109,116,66,109,116,66,108,117,66,108,116,66,108,121,67,107,123,68,107,124,69,107,126,70,108,126,70,108,126,70,108,126,70,108,126,70,105,128,71,98,129,70,90,129,67,82,128,66,77,123,66,76,125,66,76,126,66,76,121,66,76,129,66,76,118,66,76,112,66,76,131,66,76,132,66,76,134,66,76,137,66,76,141,66,76,144,66,76,144,66,76,145,66,76,145,66,76,144,66,76,144,66,75,144,66,74,145,66,74,145,66,74,145,66,74,146,66,74,147,66,74,147,66,74,146,66,74,144,66,74,139,66,74,133,66,73,129,66,73,127,66,73,127,66,73,126,66,73,90,66,73,107,66,73,93,66,73,99,78,73,118,86,73,103,90,73,120,95,73,121,103,73,120,107,73,119,108,73,120,109,73,119,110,73,118,112,73,117,112,73,118,113,73,119,115,73,123,118,73,125,118,73,126,118,
114,75,106,114,75,106,114,75,105,114,75,105,115,75,105,115,74,104,115,74,104,115,74,104,115,74,102,115,74,101,110,74,100,109,74,87,115,74,80,114,74,73,113,73,68,113,72,66,113,72,66,113,72,66,113,71,66,95,71,66,96,71,66,95,71,66,93,72,66,108,74,66,102,74,66,109,77,66,98,81,66,111,82,66,97,92,66,106,94,65,106,106,66,109,84,66,108,93,66,107,117,66,106,112,66,101,107,66,107,121,67,107,121,68,107,123,70,106,123,70,107,124,70,107,124,70,108,125,70,108,125,69,108,128,71,98,129,71,90,129,68,85,129,67,77,128,66,76,122,66,76,113,66,76,110,66,76,106,66,76,130,66,76,102,66,76,113,66,76,132,66,76,134,66,76,135,66,76,140,66,76,144,66,76,144,66,76,145,66,76,144,66,76,144,66,75,144,66,75,144,66,74,144,66,74,145,66,74,145,66,74,145,66,74,146,66,74,146,66,74,145,66,74,142,66,74,137,66,74,133,66,73,115,66,73,99,66,73,113,66,73,105,66,73,122,66,73,86,67,73,81,66,73,92,74,73,119,86,73,111,89,73,118,96,73,116,99,73,119,106,73,119,109,73,115,109,73,116,112,73,116,112,73,116,111,73,117,112,73,118,114,73,120,117,73,123,118,73,123,118,
115,75,106,115,75,106,115,75,105,115,75,105,115,75,105,115,74,105,115,74,105,115,74,105,115,74,102,115,74,102,115,74,100,115,74,99,115,73,87,114,73,79,113,72,75,113,72,67,113,71,66,113,71,66,113,71,66,113,71,66,112,71,66,106,71,66,91,71,66,91,72,66,89,72,66,100,75,66,98,73,66,108,75,66,109,82,66,102,83,66,110,80,66,105,104,66,106,108,66,99,78,66,104,114,66,106,103,66,103,120,67,102,121,67,104,121,70,103,121,70,104,124,70,104,124,70,103,124,70,104,124,70,104,125,71,100,129,69,92,129,67,84,129,67,79,129,67,77,129,66,76,129,66,76,126,66,76,113,66,76,124,66,76,108,66,76,132,66,76,133,66,76,134,66,76,136,66,76,140,66,76,144,66,76,144,66,76,145,66,76,144,66,76,144,66,75,144,66,74,144,66,74,144,66,74,144,66,74,145,66,74,145,66,74,145,66,74,146,66,74,144,66,74,140,66,74,128,66,73,130,66,73,124,66,73,107,66,73,85,66,73,79,66,73,89,66,73,104,66,73,88,66,73,85,66,73,109,71,73,96,90,73,113,97,73,119,105,73,116,107,73,114,108,73,113,109,73,112,110,73,115,111,73,115,111,73,117,114,73,117,115,73,118,115,73,120,118,73,122,118,
115,75,106,115,75,106,115,75,105,115,75,105,115,75,105,115,75,105,115,74,105,115,74,105,115,74,102,115,74,102,115,74,101,115,73,100,114,73,98,113,73,86,113,71,81,113,71,75,113,71,68,112,71,66,113,71,66,113,71,66,92,71,66,93,71,66,93,71,66,90,71,66,92,74,66,90,72,66,91,72,66,94,77,66,103,80,66,102,78,66,102,84,66,96,89,66,99,75,66,105,85,66,101,97,66,103,108,66,102,119,67,100,121,69,103,121,70,102,121,70,102,121,70,102,121,70,103,121,69,102,123,70,100,124,70,96,126,68,89,126,67,86,129,67,83,129,67,79,129,67,77,129,66,76,112,66,76,114,66,76,121,66,76,126,66,76,131,66,76,127,66,76,133,66,76,137,66,76,141,66,76,145,66,76,144,66,76,145,66,76,144,66,76,144,66,75,144,66,74,144,66,74,144,66,74,144,66,74,145,66,74,145,66,74,145,66,74,143,66,74,141,66,74,137,66,73,128,66,73,98,66,73,89,66,73,80,66,73,102,66,73,76,66,73,77,66,73,109,66,73,103,68,73,96,69,73,101,87,73,101,89,73,103,100,73,106,105,73,113,107,73,111,108,73,109,109,73,109,110,73,110,109,73,110,110,73,112,112,73,113,113,73,114,113,73,116,116,73,119,118,
115,75,106,115,75,106,115,75,106,115,75,105,115,75,105,115,75,104,115,75,104,115,74,104,114,74,103,114,74,103,115,74,102,114,73,102,113,73,101,114,72,100,113,71,88,113,71,86,113,71,76,113,71,74,113,71,66,108,71,66,99,71,66,91,71,66,92,71,66,89,71,66,103,71,66,99,71,66,90,72,66,99,72,66,103,74,66,99,72,66,92,75,66,94,85,66,95,93,66,93,82,66,101,111,66,96,115,66,102,120,67,99,120,70,100,121,70,101,121,70,101,121,70,100,121,70,101,121,69,100,121,70,97,122,69,91,122,67,87,125,67,86,127,67,86,129,68,84,129,67,80,129,66,78,123,66,77,114,66,76,117,66,76,121,66,76,125,66,76,134,66,76,134,66,76,137,66,76,140,66,76,144,66,76,145,66,76,145,66,76,144,66,75,144,66,74,144,66,74,143,66,74,142,66,74,142,66,74,143,66,74,144,66,74,142,66,74,141,66,74,137,66,74,121,66,73,123,66,73,101,66,73,108,66,73,91,66,73,88,66,73,100,66,73,78,66,73,80,70,73,99,70,73,76,80,73,89,81,73,92,88,73,105,97,73,101,102,73,104,107,73,108,109,73,107,109,73,107,109,73,108,110,73,110,110,73,110,112,73,110,112,73,113,113,73,112,115,73,117,117,
115,75,106,115,75,106,115,75,106,115,75,105,115,75,104,115,75,103,115,75,102,114,74,103,111,74,102,112,74,102,111,73,102,111,73,103,111,73,103,113,71,102,113,71,101,113,71,94,113,71,86,113,71,84,112,71,75,107,71,71,99,71,66,90,71,66,95,71,66,92,71,66,98,71,66,88,71,66,88,72,66,89,72,67,94,71,67,91,72,67,92,79,67,95,81,66,95,80,66,102,83,66,95,113,67,101,119,67,98,120,70,100,121,70,100,121,70,100,121,70,98,121,70,99,121,69,99,121,70,97,121,70,95,122,68,89,122,67,87,123,67,86,124,68,86,127,68,86,129,68,84,130,67,81,130,66,79,127,66,77,122,66,77,118,66,76,124,66,76,128,66,76,133,66,76,138,66,76,141,66,76,144,66,76,146,66,76,145,66,76,144,66,75,144,66,74,143,66,74,143,66,74,141,66,74,142,66,74,142,66,74,143,66,74,141,66,74,134,66,74,125,66,74,107,66,73,95,66,73,98,66,73,87,66,73,81,66,73,79,66,73,76,66,73,72,66,73,75,66,73,87,71,73,79,75,73,88,82,71,84,88,72,90,95,73,92,100,73,97,105,73,98,109,73,100,109,73,100,110,73,101,109,73,101,111,73,109,110,73,108,113,73,110,114,73,111,114,73,112,115,
115,76,107,115,76,107,114,76,107,114,75,106,114,75,101,112,75,100,113,75,98,111,75,99,108,74,99,110,74,100,109,73,100,110,73,100,110,73,101,110,71,102,111,71,101,113,71,101,113,71,99,112,71,93,111,71,86,109,71,86,92,71,80,92,71,70,104,71,70,80,71,69,97,71,68,91,71,68,90,71,68,96,71,68,85,71,68,87,71,68,92,77,68,85,71,69,87,74,68,95,85,70,95,108,69,95,116,70,95,121,70,97,121,70,100,121,70,99,121,70,98,121,70,98,121,70,98,121,70,95,121,69,93,121,67,88,121,68,86,122,68,86,123,68,86,124,68,86,129,68,86,130,68,85,130,67,82,130,66,79,126,66,77,123,66,77,126,66,78,130,66,78,135,66,77,139,66,77,141,66,77,144,66,78,146,66,78,146,66,76,145,66,75,144,66,74,144,66,74,142,66,74,141,66,74,141,66,74,141,66,74,139,66,74,134,66,74,122,66,74,108,66,73,98,66,73,81,66,73,90,66,73,82,66,73,78,66,73,70,66,73,77,66,73,78,66,73,71,66,73,82,66,73,70,73,73,77,78,73,76,87,72,82,94,72,85,98,73,90,107,73,92,108,73,94,109,73,96,108,73,96,106,73,99,111,73,101,111,73,101,112,73,101,113,73,104,114,73,103,114,
114,76,104,114,76,102,113,76,99,111,76,99,109,76,99,106,75,95,104,75,91,105,75,92,103,74,93,105,73,95,106,73,99,106,73,99,105,72,100,107,71,101,108,71,100,110,71,101,111,71,101,112,71,101,108,71,102,97,71,94,91,71,87,92,71,85,81,71,79,87,71,80,91,71,79,80,71,77,86,71,79,84,71,75,94,71,75,84,71,75,85,71,73,84,71,73,90,82,72,94,88,71,94,109,70,95,120,70,97,121,70,97,121,70,99,121,70,98,121,70,96,121,70,97,121,70,95,121,71,93,121,69,90,122,68,86,122,68,86,123,68,86,123,68,86,123,68,86,125,68,86,129,68,85,130,67,85,131,67,83,131,67,79,130,67,79,132,66,79,135,66,80,138,66,80,141,66,80,143,66,80,144,66,80,146,66,79,145,66,79,145,66,76,145,66,75,144,66,74,143,66,74,143,66,74,141,66,74,134,66,74,131,66,74,123,66,74,114,66,74,100,66,74,86,66,73,78,66,73,73,66,73,84,66,73,74,66,73,78,66,73,70,66,73,72,66,73,74,66,73,68,67,73,74,67,73,72,73,73,74,84,73,77,88,72,79,99,73,82,104,73,85,103,73,87,109,73,85,109,73,87,109,73,88,111,73,87,113,73,90,113,73,90,113,73,97,113,73,95,114,
110,76,98,110,76,96,108,76,95,104,76,93,103,76,93,100,76,91,96,76,91,99,76,90,96,75,90,99,73,90,100,73,94,100,73,96,102,72,98,103,71,99,102,71,100,107,71,101,108,71,101,106,71,103,103,71,103,107,71,103,105,71,96,86,71,89,99,71,90,87,71,81,85,71,85,95,71,85,91,71,83,85,71,79,87,71,74,81,71,77,81,71,76,86,72,74,88,76,73,90,92,73,94,112,72,95,120,72,96,119,71,96,120,71,96,120,71,97,120,71,95,120,71,95,121,71,95,121,71,91,122,70,88,122,68,86,122,68,86,123,68,86,123,68,86,124,68,86,125,68,86,126,68,85,131,67,85,131,67,85,132,67,85,135,67,82,137,67,82,139,67,82,141,67,82,143,67,83,144,67,82,144,67,81,145,67,81,143,66,79,145,66,77,145,66,76,145,66,76,144,66,75,136,66,74,128,66,74,129,66,74,119,66,74,109,66,74,96,66,74,84,66,74,77,66,73,76,66,73,70,66,73,77,66,73,73,66,73,67,66,73,67,66,73,71,66,73,67,66,73,67,66,73,67,67,73,67,71,71,70,78,73,69,83,71,70,93,73,67,100,73,73,102,73,75,103,73,72,106,73,85,110,73,78,112,73,77,112,73,78,113,73,81,113,73,85,113,73,85,113,
102,76,92,98,76,91,98,76,91,99,76,91,97,76,91,93,76,91,90,76,91,90,76,91,90,75,91,91,74,90,92,74,90,92,73,92,92,72,95,99,71,98,99,71,98,100,71,98,105,71,102,103,71,104,105,71,101,100,71,101,92,71,99,102,71,96,87,71,90,94,71,91,90,71,89,85,71,85,85,71,81,82,71,81,90,71,81,77,71,79,82,71,77,72,71,76,83,80,74,91,92,73,94,110,73,95,117,73,95,120,72,95,120,72,95,120,72,95,120,72,95,120,72,95,120,72,92,120,72,90,121,69,87,122,68,86,122,68,86,123,68,86,123,68,86,125,68,86,125,68,86,125,68,85,127,67,85,131,67,85,134,67,85,137,67,83,138,67,84,141,67,85,144,67,85,144,67,85,144,67,85,144,67,85,146,67,83,145,67,81,145,67,79,140,67,76,134,66,76,139,66,76,116,66,76,127,66,75,108,66,74,99,66,74,91,66,74,84,66,74,75,66,74,71,66,74,72,66,73,70,66,73,69,66,73,70,66,73,67,66,73,67,66,73,67,66,73,67,66,72,67,66,73,67,68,73,67,71,73,67,71,73,67,82,73,67,83,73,67,91,73,67,98,73,67,104,73,67,96,73,67,102,73,68,113,73,73,113,73,69,113,73,70,113,73,70,113,73,76,113,
89,76,91,83,76,91,88,76,91,85,76,91,85,76,91,89,76,91,86,76,91,85,76,91,81,75,91,83,74,91,80,73,91,85,73,91,86,72,92,90,71,93,94,71,96,98,71,96,95,71,101,97,71,103,92,71,99,90,71,104,97,71,104,91,71,100,96,71,90,90,71,91,80,71,90,83,71,86,91,71,84,85,71,81,86,71,81,83,71,81,78,71,79,74,71,77,76,77,76,84,91,75,93,108,75,94,116,74,94,120,74,94,120,74,94,120,74,94,120,73,95,120,73,95,120,72,92,120,71,89,120,69,86,121,68,86,121,68,86,122,68,86,124,68,86,124,68,86,124,68,86,124,68,85,124,67,85,131,67,85,135,67,85,138,67,85,141,67,85,144,67,85,144,67,85,144,67,85,145,67,85,144,67,85,144,67,84,146,67,82,142,67,80,140,67,77,143,66,77,139,66,77,109,66,77,111,66,77,96,66,77,89,66,76,84,66,76,75,66,75,71,66,75,68,66,74,70,66,73,67,66,73,73,66,73,70,66,73,67,66,73,68,66,72,67,66,73,67,66,73,67,66,73,67,66,73,67,67,73,67,66,73,67,75,73,67,77,73,67,91,73,67,97,73,67,99,73,67,105,73,67,97,73,67,109,73,67,113,73,67,113,73,67,113,73,67,113,73,69,113,
70,76,91,72,76,91,75,76,91,72,76,91,74,76,91,75,76,91,77,76,91,77,76,91,71,75,91,78,74,91,79,73,91,78,73,91,84,73,90,85,72,91,88,71,94,91,71,97,88,71,97,87,71,99,97,71,97,87,71,101,89,71,104,86,71,104,91,71,96,90,71,89,83,71,87,87,71,87,80,71,83,84,71,81,76,71,81,77,71,81,72,71,80,73,71,79,79,74,78,80,87,76,93,109,76,94,116,75,94,120,75,94,120,75,94,120,74,94,120,74,94,120,73,94,119,73,92,120,71,88,120,69,86,121,68,86,121,68,86,124,68,86,124,68,86,124,68,86,124,68,86,124,68,85,124,67,85,130,67,85,136,67,85,139,67,85,142,67,85,143,67,85,144,67,85,145,67,85,146,67,85,145,67,85,144,67,85,144,67,83,145,67,81,144,67,78,136,66,77,125,66,77,116,66,77,111,66,77,107,66,77,85,66,77,79,66,77,73,66,77,67,66,76,67,66,75,67,66,74,72,66,74,67,66,73,67,66,73,69,66,73,67,66,73,67,66,73,67,66,73,67,66,73,67,66,73,67,66,73,67,66,73,67,71,73,67,76,73,67,82,73,67,92,73,67,91,73,67,103,73,67,90,73,67,105,73,67,109,73,67,110,73,67,113,73,67,113,73,67,113,
70,76,91,70,76,91,70,76,91,70,76,91,70,76,91,70,76,91,70,76,91,70,76,91,70,76,91,70,75,91,70,73,91,73,74,91,73,73,91,72,71,91,76,71,91,83,71,91,80,71,92,90,71,98,91,71,94,91,71,97,87,71,98,93,71,98,83,71,101,90,71,99,82,71,88,80,71,86,79,71,84,72,71,81,78,71,81,72,71,81,72,71,81,76,71,80,74,72,79,77,80,78,91,100,77,94,115,76,94,119,76,94,120,76,94,120,76,94,119,75,94,119,74,94,120,74,91,120,71,88,120,69,86,120,68,86,122,68,86,124,68,86,124,68,86,124,68,86,124,68,86,124,68,85,125,67,85,129,67,85,135,67,85,140,67,85,142,67,85,144,67,85,144,67,85,145,67,85,145,67,85,145,67,85,145,67,85,145,67,85,145,67,82,141,67,79,135,67,78,131,66,78,117,66,78,120,66,78,100,66,78,81,66,78,77,66,78,67,66,78,72,66,78,71,66,75,67,66,75,67,66,74,67,66,74,67,66,73,67,66,73,67,66,73,67,66,73,67,66,73,67,66,73,67,66,73,67,66,73,67,66,73,67,66,73,67,68,73,67,71,73,67,83,73,67,98,73,67,95,73,67,102,73,67,92,73,67,103,73,67,104,73,67,107,73,67,108,73,67,109,
70,76,91,70,76,88,70,76,91,70,76,91,70,76,91,70,76,91,70,76,91,70,76,85,70,76,91,70,75,91,70,74,91,70,73,91,70,73,91,70,72,91,70,71,91,73,71,91,77,71,91,84,71,93,82,71,91,85,71,94,90,71,95,85,71,98,85,71,96,82,71,96,80,71,88,82,71,85,75,71,84,74,71,83,71,71,81,74,71,81,71,71,81,71,71,81,70,71,81,73,74,79,83,94,79,92,106,78,94,116,78,94,119,77,94,119,76,94,120,75,93,120,74,93,120,74,91,120,72,88,120,69,86,120,68,86,121,68,86,123,68,86,124,68,86,125,68,86,125,68,86,126,68,85,126,67,85,127,67,85,133,67,85,140,67,85,141,67,85,143,67,85,144,67,85,145,67,85,145,67,85,145,67,85,145,67,85,145,67,85,145,67,85,142,67,85,137,67,81,130,66,78,126,66,78,111,66,78,105,66,78,91,66,78,88,66,78,67,66,78,71,66,78,77,66,78,72,66,77,68,66,75,76,66,73,67,66,73,68,66,73,67,66,73,67,66,73,67,66,73,67,66,73,67,66,73,67,66,73,67,66,73,67,66,73,67,69,73,67,71,73,67,78,73,67,75,73,67,75,73,67,88,73,67,90,73,67,103,73,67,103,73,67,102,73,67,102,73,68,108,
70,76,91,70,76,91,70,76,80,70,76,89,70,76,91,70,76,91,70,76,91,70,77,82,70,77,91,70,76,91,70,75,91,70,74,91,70,73,91,70,72,91,70,71,91,74,71,91,77,71,91,78,71,91,79,71,91,76,71,92,85,71,91,76,71,94,79,71,92,85,71,101,77,71,93,70,71,87,71,71,85,71,71,83,71,71,83,74,71,81,71,71,81,68,71,81,70,71,81,71,71,81,73,85,81,85,102,80,92,111,79,94,118,79,94,120,79,94,120,77,93,120,75,93,120,76,91,120,73,88,120,70,86,120,68,86,121,68,86,124,68,86,125,68,86,125,68,86,126,68,86,126,68,86,126,68,85,127,67,85,132,67,85,139,67,85,141,67,85,143,67,85,144,67,85,145,67,85,145,67,85,145,67,85,145,67,85,145,67,85,145,67,85,145,67,85,141,67,84,135,66,83,133,66,80,122,66,82,115,66,78,94,66,78,98,66,81,72,66,78,92,66,78,88,66,78,72,66,79,85,66,74,69,66,76,67,66,73,67,66,73,67,66,73,67,66,73,67,66,73,67,66,73,67,66,73,67,66,73,67,66,73,67,66,73,67,66,73,67,67,73,67,71,73,67,73,73,67,78,73,67,89,73,67,85,73,67,98,73,67,97,73,67,99,73,67,93,73,67,92,
70,76,91,70,76,91,70,76,91,70,77,91,70,77,91,70,77,84,70,77,91,70,77,91,70,77,81,70,76,91,70,76,91,70,74,91,70,73,80,70,73,91,70,71,91,70,71,91,72,71,91,71,71,91,76,71,90,78,71,91,75,71,93,77,71,94,73,71,97,73,71,94,73,71,91,72,71,88,71,71,85,70,71,83,70,71,83,70,71,82,68,71,81,70,71,81,70,71,81,70,71,81,71,74,81,76,94,81,92,108,81,94,116,81,94,120,81,94,120,80,94,119,79,93,119,78,92,119,76,88,120,71,87,120,68,86,121,68,86,123,68,86,125,68,86,125,68,86,125,68,86,125,68,86,125,68,85,125,67,85,132,67,85,139,67,85,141,67,85,143,67,85,144,67,85,144,67,85,144,67,85,145,67,85,145,67,85,145,67,85,145,67,85,143,67,85,138,67,85,136,66,85,132,66,85,130,66,85,126,66,84,93,66,79,90,66,79,79,66,82,103,66,82,80,66,80,93,66,87,90,66,86,71,66,81,69,66,73,67,66,73,67,66,73,67,66,73,67,66,73,67,66,73,67,66,73,67,66,73,67,66,73,67,66,73,67,66,73,67,67,73,67,70,73,67,73,73,67,72,73,67,72,73,67,79,73,67,84,73,67,82,73,67,78,73,67,89,73,67,83,
70,78,91,70,78,91,70,78,91,70,78,89,70,78,91,70,78,86,70,78,91,70,78,91,70,78,90,70,78,91,70,78,91,70,76,83,70,73,89,70,72,91,70,71,91,70,71,90,70,71,91,70,71,91,70,71,90,74,71,91,75,71,91,73,71,90,70,71,91,70,71,94,70,71,86,70,71,85,70,71,86,70,71,84,68,71,83,70,71,83,70,71,81,70,71,81,68,71,81,70,71,81,70,74,81,72,84,81,83,102,81,92,110,81,94,116,81,94,119,81,93,119,81,92,119,79,92,119,76,89,119,73,87,120,69,86,121,68,86,123,68,86,124,68,86,125,68,86,125,68,86,125,68,86,126,68,86,127,68,85,132,67,85,137,67,85,141,67,85,143,67,85,143,67,85,144,67,85,145,67,85,145,67,85,145,67,85,145,67,85,144,67,85,143,67,85,137,67,85,136,67,85,136,66,85,134,66,85,124,66,85,113,66,86,107,66,86,77,66,84,99,66,86,73,66,81,67,66,84,88,66,84,67,66,73,67,66,79,67,66,77,67,66,73,67,66,73,67,66,73,67,66,73,67,66,73,67,66,73,67,66,73,67,66,73,67,66,73,67,67,73,67,70,73,67,72,73,67,72,73,67,72,73,67,72,73,67,73,73,67,74,74,67,77,75,67,74,76,67,74,
70,79,91,70,81,91,70,81,91,70,82,91,70,81,91,70,83,89,70,84,91,70,84,91,70,82,91,70,81,91,70,83,91,70,78,91,70,74,81,70,76,91,70,72,88,70,71,90,70,71,91,70,71,91,70,71,91,70,71,91,70,71,91,70,71,89,70,71,90,70,71,95,70,71,88,70,71,91,70,71,89,70,71,85,70,71,83,70,71,83,70,71,81,70,71,81,70,71,81,70,71,81,70,73,81,71,88,81,77,90,81,86,100,81,92,113,81,94,119,81,93,119,81,93,119,80,93,119,78,91,119,74,88,120,69,86,121,68,86,121,68,86,123,68,86,124,68,86,125,68,86,125,68,86,126,68,86,128,68,86,133,68,85,138,67,85,141,67,85,142,67,85,144,67,85,145,67,85,145,67,85,145,67,85,145,67,85,144,67,85,144,67,85,144,67,85,136,67,85,136,67,85,134,67,85,133,66,86,125,66,86,125,66,86,109,66,86,95,66,86,95,66,87,106,66,88,95,66,79,69,66,80,67,66,87,67,66,74,67,66,73,67,66,75,67,66,73,67,66,73,67,66,73,67,66,73,67,66,73,67,66,73,67,66,73,67,66,73,67,66,73,67,67,73,67,69,73,67,72,73,67,72,73,67,72,73,67,73,74,67,73,75,67,74,78,67,74,77,67,81,
70,90,91,70,93,91,70,96,91,70,98,91,70,102,91,70,105,91,70,103,91,70,98,80,70,94,80,70,96,79,70,89,91,70,85,91,70,77,91,70,76,86,70,72,91,70,71,91,70,71,91,70,71,91,70,71,91,70,71,91,70,71,91,70,71,91,70,71,91,70,71,94,70,71,87,70,71,86,70,71,91,70,71,89,69,71,84,70,71,83,70,71,82,70,71,81,70,71,81,70,71,81,70,71,81,71,83,81,72,81,81,77,99,81,85,102,81,92,116,81,93,117,81,94,118,81,93,118,80,91,119,77,89,120,71,87,121,68,86,122,68,86,123,68,86,124,68,86,125,68,86,126,68,86,127,68,86,130,68,86,134,68,86,139,68,85,142,67,85,144,67,85,144,67,85,145,67,85,145,67,85,145,67,85,144,67,85,144,67,85,144,67,85,143,67,85,140,67,85,133,67,85,134,67,86,132,66,86,127,66,86,122,66,86,118,66,86,103,66,86,103,66,87,88,66,88,68,66,89,81,66,81,67,66,81,67,66,81,67,66,79,67,66,73,67,66,74,67,66,73,67,66,73,67,66,73,67,66,73,67,66,73,67,66,73,67,66,73,67,66,73,67,66,73,67,67,73,67,69,73,67,70,73,67,72,75,67,72,76,67,73,76,67,73,84,67,74,78,67,74,
70,110,91,70,110,91,70,116,91,70,117,91,70,116,91,70,116,91,70,120,91,70,117,91,70,115,91,70,119,91,70,106,91,70,97,91,70,95,91,70,77,91,70,78,89,70,73,89,70,71,91,70,71,91,70,71,91,70,71,91,70,71,91,70,71,91,70,71,92,70,71,96,70,71,91,70,71,84,70,71,87,70,71,86,70,71,86,70,71,83,70,71,82,70,71,81,70,71,81,70,71,81,70,74,81,71,73,81,72,80,81,75,93,81,78,99,81,83,107,81,89,111,81,94,114,81,94,116,80,92,119,77,90,120,74,88,121,69,86,122,68,86,123,68,86,124,68,86,125,68,86,126,68,86,128,68,86,131,68,86,138,68,86,140,68,86,143,68,86,144,68,85,144,67,85,145,67,85,145,67,85,143,67,85,144,67,85,144,67,85,144,67,85,143,67,85,140,67,86,134,68,86,130,67,86,130,66,86,127,66,86,124,66,86,111,66,86,97,66,84,98,66,87,101,66,84,75,66,87,67,66,90,67,66,83,67,66,77,67,66,79,67,66,75,67,66,75,67,65,75,67,66,74,67,66,73,67,66,73,67,66,73,67,66,76,67,66,73,67,66,78,67,66,79,67,67,73,67,67,73,67,70,82,67,71,76,67,73,76,67,73,77,67,73,81,67,74,80,67,74,
70,122,91,70,123,91,70,125,91,70,125,91,70,124,91,70,127,91,70,129,91,70,128,91,70,131,91,70,122,91,70,112,91,70,106,91,70,105,91,70,81,91,70,87,91,70,76,91,70,74,91,70,72,91,70,71,91,70,71,91,70,71,91,70,71,93,70,71,91,70,71,92,70,71,89,68,71,95,68,71,88,70,71,98,70,71,90,70,71,86,70,71,83,70,71,82,70,71,81,70,71,81,70,71,81,71,73,81,72,76,81,75,81,81,77,87,81,83,92,81,86,97,81,89,104,81,92,108,81,92,112,78,90,115,76,88,119,71,87,121,68,86,123,68,86,123,68,86,124,68,86,127,68,86,129,68,86,133,68,86,138,68,86,140,68,86,142,68,86,144,68,86,144,68,86,145,68,86,143,68,86,143,68,86,144,68,86,144,68,86,144,68,86,141,68,86,139,68,86,136,68,86,130,68,86,129,66,86,128,66,86,122,66,86,113,66,86,104,66,87,101,66,88,92,66,90,67,66,87,67,66,75,67,66,81,67,66,85,67,66,86,67,66,73,67,66,75,67,66,73,67,66,74,67,66,74,67,66,77,67,66,78,67,66,77,67,66,82,67,66,82,67,66,82,67,66,82,67,66,83,67,69,83,67,70,83,67,72,84,67,72,85,67,73,90,67,73,89,67,74,
70,125,91,70,125,91,70,125,91,70,125,91,70,127,91,70,125,91,70,127,91,70,129,91,70,129,91,70,129,91,70,124,91,70,114,91,70,111,91,70,107,91,70,77,91,70,79,91,70,75,91,70,71,91,70,71,91,70,71,91,70,71,91,70,71,91,70,71,93,70,71,94,70,71,93,70,71,88,70,71,96,70,71,100,70,71,88,70,71,89,70,71,86,70,71,83,70,71,81,70,71,81,70,74,81,71,73,81,72,73,81,74,77,81,76,77,81,79,81,81,81,87,81,83,91,81,87,93,81,88,97,80,90,106,75,89,112,73,88,117,69,87,121,68,86,123,68,86,124,68,86,126,68,86,129,68,86,134,68,86,139,68,86,141,68,86,142,68,86,143,68,86,144,68,86,143,68,86,143,68,86,143,68,86,144,68,86,144,68,86,142,68,86,141,68,86,137,68,86,135,68,86,133,68,86,127,67,86,122,66,86,118,66,86,110,66,87,99,66,87,78,66,87,72,66,91,67,66,89,70,66,94,67,66,87,67,66,73,67,66,81,67,66,81,67,66,75,67,66,78,67,66,79,67,66,79,67,66,81,67,66,81,67,66,77,67,66,83,67,66,83,67,66,84,67,66,87,67,66,87,66,68,87,67,69,82,67,72,84,67,72,90,67,72,79,67,73,91,67,74,
70,116,91,70,117,91,70,116,91,70,118,91,70,119,91,70,123,91,70,124,91,70,126,91,70,129,91,70,128,91,70,129,91,70,120,91,70,113,89,70,97,85,70,81,91,70,82,91,70,77,91,70,71,91,70,71,91,70,71,91,70,71,91,70,71,91,70,71,96,70,71,91,70,71,97,70,71,107,70,71,105,70,71,105,70,71,105,70,71,99,70,71,91,70,71,87,70,71,84,70,71,82,70,71,81,70,71,81,71,71,81,73,71,81,76,71,81,77,75,81,79,77,81,81,84,81,82,84,81,82,84,81,86,90,77,87,94,73,88,107,70,87,116,68,87,120,68,86,122,68,86,126,68,86,131,68,86,134,68,86,136,68,86,140,68,86,141,68,86,143,68,86,144,68,86,141,68,86,141,68,86,143,68,86,144,68,86,143,68,86,141,68,86,139,68,86,137,68,86,133,68,86,132,68,86,128,67,87,120,66,86,109,66,87,105,66,87,88,66,88,81,66,86,72,66,93,67,66,90,67,66,95,67,66,82,67,66,80,67,63,79,67,66,86,67,66,78,67,66,87,67,66,82,67,66,85,67,66,81,67,66,83,67,66,86,67,66,90,67,66,91,67,66,93,67,66,91,67,66,92,67,66,90,67,67,92,67,69,87,67,70,90,67,72,83,67,72,98,67,74,
70,109,91,70,110,91,70,111,91,70,110,91,70,112,91,70,112,91,70,114,91,70,118,91,70,123,91,70,125,91,70,118,91,70,116,91,70,107,91,70,113,91,70,96,91,70,73,91,70,75,91,70,71,91,70,71,91,70,71,91,70,71,91,70,71,99,70,71,94,70,71,92,70,71,113,70,71,95,70,71,91,70,71,107,70,71,108,70,71,104,70,71,97,70,71,93,70,71,92,70,71,86,70,71,82,70,71,81,70,71,81,72,71,81,73,71,81,75,71,81,77,74,81,78,76,81,79,80,81,79,82,81,81,84,79,85,87,75,86,90,71,87,99,69,87,113,69,86,121,68,86,122,68,86,128,68,86,133,68,86,138,68,86,138,68,86,138,68,86,140,68,86,138,68,86,138,68,86,138,68,86,138,68,86,138,68,86,141,68,86,140,68,86,140,68,86,137,68,86,133,68,86,133,68,87,129,68,87,118,67,87,109,66,87,104,66,87,72,66,87,79,66,91,72,66,91,67,66,81,67,66,91,67,66,82,67,66,87,67,66,94,67,66,95,67,66,94,67,66,87,67,66,87,67,66,86,67,66,87,67,66,86,67,66,90,67,66,90,67,66,92,67,66,97,67,66,97,67,66,96,67,66,92,67,66,93,67,69,86,67,69,85,67,72,90,67,72,88,67,72,
70,105,91,70,105,91,70,105,91,70,102,91,70,103,91,70,104,91,70,106,91,70,109,91,70,112,91,70,112,91,70,112,91,70,114,91,70,98,91,70,77,91,70,96,91,70,93,91,70,73,91,70,71,91,70,71,91,70,71,91,70,71,94,70,71,92,70,71,103,70,71,108,70,71,108,70,71,106,70,71,99,70,71,113,70,71,106,70,71,105,70,71,109,70,71,96,70,71,101,70,71,95,70,71,89,70,71,86,70,71,85,70,71,85,71,71,82,74,71,81,74,73,81,75,74,81,77,76,81,77,78,81,79,80,81,81,85,79,84,87,73,85,100,71,86,99,69,87,111,69,86,116,68,86,120,68,86,130,68,86,125,68,86,129,68,86,129,68,86,129,68,86,129,68,86,128,68,86,128,68,86,129,68,86,131,68,86,135,68,86,137,68,86,139,68,86,135,68,86,134,68,87,130,68,88,128,68,89,116,68,88,95,66,89,101,66,88,81,66,91,67,66,92,73,66,87,77,66,83,67,66,96,67,66,92,67,66,103,67,66,94,67,66,90,67,66,87,67,66,92,67,66,96,67,66,90,67,66,98,67,66,98,67,66,99,67,66,99,67,66,99,67,66,101,67,66,101,67,66,101,67,66,102,67,66,106,67,68,95,67,72,109,67,71,105,67,72,114,67,72,
70,88,91,70,88,91,70,88,91,70,90,91,70,89,91,70,91,91,70,94,91,70,95,91,70,92,91,70,98,91,70,99,91,70,98,91,70,98,91,70,91,91,70,93,91,70,71,91,70,71,91,70,71,91,70,71,91,70,71,108,70,71,92,70,71,107,70,71,101,70,71,109,70,71,109,70,71,116,70,71,111,70,71,115,70,71,104,70,71,107,70,71,109,70,71,101,70,71,99,70,71,105,70,71,99,70,71,97,70,71,93,70,71,90,70,71,89,71,71,85,72,71,84,73,71,82,74,71,81,75,71,81,77,75,81,77,79,80,84,86,78,84,91,73,85,99,71,86,96,69,87,106,68,87,112,68,86,108,68,86,108,68,86,109,68,86,105,68,86,106,68,86,104,68,86,103,68,86,104,68,86,107,68,86,109,68,86,116,68,86,120,68,86,129,68,86,133,68,87,134,68,87,128,69,89,125,68,90,110,68,89,97,67,91,82,66,93,73,66,92,75,66,94,67,66,87,67,66,96,69,66,100,67,66,93,67,66,103,67,66,96,67,66,93,67,66,100,67,66,94,67,66,102,67,66,99,67,66,108,67,66,95,67,66,103,67,66,109,67,66,106,67,66,107,67,66,111,67,66,106,67,66,115,67,67,117,67,69,107,67,69,106,67,70,122,67,72,116,67,72,
70,83,91,70,83,91,70,83,91,70,83,91,70,83,91,70,83,91,70,83,91,70,83,91,70,82,91,70,82,91,70,82,91,70,82,91,70,86,91,70,92,91,70,71,91,70,71,91,70,71,91,70,71,94,70,71,91,70,71,114,70,71,92,70,71,104,70,71,100,70,71,123,70,71,112,70,71,118,70,71,125,70,71,117,70,71,105,70,71,120,70,71,105,70,71,109,70,71,107,70,71,115,70,71,114,70,71,106,70,71,107,70,71,107,70,71,102,70,71,97,71,71,92,71,71,88,72,71,81,73,71,81,75,71,81,81,71,81,82,76,78,84,81,79,84,88,74,85,86,70,86,90,69,87,91,68,88,93,68,87,94,68,87,91,68,87,92,68,86,92,68,86,85,68,86,88,68,86,90,68,86,90,68,86,94,68,86,98,68,87,102,68,87,109,68,87,116,68,88,123,69,89,123,69,90,121,69,91,105,68,91,95,68,89,89,68,90,82,67,93,67,66,94,67,66,87,67,66,99,67,66,103,67,66,102,67,66,94,67,66,106,67,66,108,67,66,104,67,66,105,67,66,109,67,66,108,67,66,110,67,66,110,67,66,109,67,66,107,67,66,110,67,66,116,67,66,116,67,66,118,67,66,118,67,67,123,67,69,124,67,71,129,67,72,129,67,72,122,67,72,
70,83,92,70,83,92,70,83,92,70,83,92,70,83,91,70,83,91,70,82,91,70,78,91,70,75,91,70,75,91,70,74,91,70,73,91,70,73,91,70,71,91,70,71,91,70,71,91,70,71,91,70,71,91,70,71,111,70,71,94,70,71,95,70,71,118,70,71,100,70,71,109,70,71,112,70,71,124,70,71,127,70,71,110,70,71,122,70,71,112,70,71,125,70,71,120,70,71,117,70,71,115,70,71,117,70,71,116,70,71,116,70,71,116,70,71,113,70,71,105,70,71,96,70,71,93,71,71,83,72,71,84,74,71,82,75,71,82,84,71,80,84,71,78,84,75,78,84,80,74,85,80,71,86,80,69,88,81,68,89,79,68,88,79,68,88,79,68,87,78,68,87,78,68,87,78,68,87,79,68,87,79,68,87,80,68,87,82,68,88,84,68,88,94,68,89,102,69,89,103,69,90,106,69,92,110,69,95,98,69,95,82,69,93,73,69,94,78,66,93,81,66,87,67,66,97,67,66,94,67,66,103,67,66,107,67,66,107,67,66,105,67,66,110,67,66,109,67,66,110,67,66,114,67,66,115,67,66,114,67,66,110,67,66,113,67,66,117,67,66,116,67,66,123,67,66,120,67,66,129,67,67,128,67,68,128,67,69,130,67,71,131,67,71,131,67,72,133,67,72,
70,83,94,70,82,94,70,82,95,70,82,93,70,82,93,70,81,92,70,79,91,70,76,91,70,74,91,70,71,91,70,72,91,70,71,91,70,71,91,70,71,91,70,71,91,70,71,91,70,71,91,70,71,91,70,71,102,70,71,118,70,71,105,70,71,102,70,71,110,70,71,126,70,71,126,70,71,130,70,71,130,70,71,116,70,71,118,70,71,118,70,71,114,70,71,127,70,71,120,70,71,124,70,71,121,70,71,122,70,71,124,70,71,124,70,71,119,70,71,119,70,71,114,70,71,97,71,71,86,72,71,86,78,71,82,75,71,83,84,71,81,84,71,81,84,71,78,84,71,77,84,73,75,85,75,72,87,76,70,91,76,69,90,76,68,90,76,68,89,76,68,89,76,68,89,76,68,89,76,68,89,76,68,89,76,68,89,76,68,89,77,68,90,77,69,90,79,69,91,85,69,94,84,69,95,92,69,94,95,69,95,86,69,92,81,67,94,77,66,92,72,67,94,72,67,95,67,66,100,67,66,104,67,66,107,67,66,112,67,66,111,67,66,111,67,66,111,67,66,112,67,66,114,67,66,115,67,66,114,67,66,120,67,66,120,67,66,125,67,66,126,67,66,128,67,66,130,67,66,130,67,67,130,67,68,130,67,69,132,67,71,132,67,71,132,67,72,133,67,73,
70,82,96,70,82,97,70,82,97,70,82,97,70,82,95,70,78,94,70,76,92,70,72,91,70,71,91,70,71,91,70,71,91,70,71,91,70,71,91,70,71,91,70,71,91,70,71,91,70,71,94,70,71,94,70,71,96,70,71,100,70,71,128,70,71,108,70,71,127,70,71,132,70,71,131,70,71,128,70,71,137,70,71,136,70,71,133,70,71,133,70,71,132,70,71,128,70,71,127,70,71,127,70,71,126,70,71,127,70,71,127,70,71,127,70,71,125,70,71,121,70,71,118,70,71,101,71,71,101,71,71,98,72,71,90,76,71,86,82,71,81,84,71,81,84,71,80,84,71,79,84,71,77,85,72,77,86,73,75,87,74,73,92,76,71,91,76,70,90,76,69,90,76,69,90,76,68,90,76,68,90,76,68,90,76,68,90,76,69,91,76,69,92,76,69,94,76,69,95,76,69,95,77,69,94,79,69,96,82,71,91,82,71,95,82,69,95,81,66,89,79,66,91,73,66,102,67,66,104,67,66,107,67,66,110,67,66,109,67,66,113,67,66,111,67,66,114,67,66,115,67,66,118,67,66,121,67,66,125,67,66,124,67,66,127,67,66,128,67,66,128,67,66,129,67,66,130,67,67,130,67,68,130,67,68,131,67,70,132,67,71,132,67,71,132,67,72,133,67,73,
70,82,101,70,82,101,70,82,100,70,82,100,70,80,98,70,75,95,70,72,93,70,71,91,70,71,91,70,71,91,70,71,91,70,71,91,70,71,91,70,71,91,70,71,91,70,71,91,70,71,92,70,71,94,70,71,109,70,71,116,70,71,125,70,71,133,70,71,118,70,71,133,70,71,134,70,71,135,70,71,139,70,71,133,70,71,138,70,71,136,70,71,134,70,71,133,70,71,131,70,71,129,70,71,129,70,71,129,70,71,130,70,71,130,70,71,129,70,71,127,70,71,124,70,71,118,70,71,104,71,71,97,72,71,95,78,71,83,82,71,79,82,71,78,84,71,81,84,71,78,84,71,78,84,71,78,85,71,78,87,73,77,90,76,75,93,76,75,94,76,74,94,76,73,93,76,72,93,76,71,93,76,69,92,76,69,92,76,70,94,76,71,94,76,71,95,76,71,95,76,71,95,76,72,92,76,71,95,78,71,94,82,71,90,85,72,86,82,66,83,82,66,89,67,66,96,67,68,95,67,66,98,67,66,111,67,66,115,67,66,118,67,66,118,67,66,118,67,66,121,67,66,123,67,66,125,67,66,125,67,66,125,67,66,127,67,66,129,67,66,130,67,66,130,67,66,131,67,68,131,67,68,131,67,68,131,67,69,132,67,71,132,67,71,132,67,71,133,67,73,
70,82,110,70,82,108,70,82,107,70,80,104,70,77,102,70,74,99,70,71,95,70,71,92,70,71,92,70,71,91,70,71,91,70,71,91,70,71,91,70,71,91,70,71,93,70,71,99,70,71,96,70,71,103,70,71,109,70,71,118,70,71,118,70,71,138,70,71,139,70,71,139,70,71,138,70,71,138,70,71,139,70,71,137,70,71,139,70,71,136,70,71,137,70,71,135,70,71,135,70,71,134,70,71,132,70,71,133,70,71,132,70,71,133,70,71,133,70,71,133,70,71,131,70,71,130,70,71,116,70,71,102,73,71,104,71,71,93,72,71,81,83,71,83,83,71,78,84,71,78,84,71,78,84,71,78,85,71,76,86,72,73,88,75,78,93,76,76,95,76,78,95,76,79,94,76,75,94,76,72,93,76,74,92,76,73,93,76,73,94,76,74,95,76,75,95,76,76,95,76,75,95,76,74,95,76,73,94,76,74,89,78,72,86,81,69,95,82,69,95,82,66,95,80,69,89,67,68,95,67,67,115,67,66,117,67,66,121,67,66,121,67,66,121,67,66,123,67,66,125,67,66,125,67,66,126,67,66,126,67,66,125,67,66,127,67,66,130,67,66,130,67,66,130,67,67,131,67,68,131,67,68,132,67,68,132,67,70,132,67,70,133,67,71,133,67,72,135,67,73,
70,82,118,70,81,117,70,81,115,70,78,112,70,75,109,70,72,104,70,71,98,70,71,95,70,71,92,70,71,91,70,71,91,70,71,91,70,71,92,70,71,92,70,71,93,70,71,104,70,71,122,70,71,122,70,71,125,70,71,134,70,71,138,70,71,140,70,71,132,70,71,142,70,71,140,70,71,140,70,71,142,70,71,140,70,71,139,70,71,139,70,71,139,70,71,140,70,71,138,70,71,137,70,71,135,70,71,136,70,71,136,72,71,138,72,71,140,72,71,139,72,71,140,72,71,138,70,71,117,70,71,108,76,71,109,71,71,105,71,71,90,82,71,80,83,71,80,83,71,78,84,71,78,84,71,78,85,71,77,85,71,80,87,73,80,93,76,79,96,76,82,94,76,77,94,76,78,94,76,77,90,76,79,93,76,75,91,76,76,95,76,76,95,76,80,95,76,83,95,76,81,95,76,80,95,76,78,95,76,77,95,76,73,88,79,73,89,81,70,95,82,69,96,82,67,89,79,67,104,77,67,100,67,66,105,67,66,120,67,66,121,67,66,120,67,66,122,67,66,124,67,66,126,67,66,128,67,66,126,67,66,127,67,66,127,67,66,128,67,66,130,67,67,130,67,67,130,67,68,131,67,68,132,67,69,132,67,70,133,67,71,134,67,71,134,67,72,135,67,73,
70,81,129,70,81,127,70,79,125,70,77,122,70,74,117,70,71,111,70,71,103,70,71,97,70,71,93,70,71,92,70,71,92,70,71,93,70,71,93,70,71,96,70,71,100,70,71,107,70,71,135,70,71,129,70,71,140,70,71,141,70,71,142,70,71,139,70,71,139,70,71,142,70,71,142,70,71,142,70,71,142,70,71,142,70,71,143,70,71,143,70,71,142,70,71,141,70,71,140,70,71,139,70,71,140,73,71,140,74,71,142,74,71,143,75,71,143,76,71,144,75,71,143,74,71,142,73,71,136,73,71,131,70,71,99,82,71,94,70,71,91,82,71,81,83,71,78,83,71,78,83,71,77,84,71,78,84,71,78,85,71,79,86,73,85,90,75,88,94,76,83,95,76,91,87,76,83,84,76,86,94,76,84,94,76,77,94,76,86,95,76,84,94,76,87,94,76,90,95,76,91,95,76,94,95,76,90,92,76,80,86,76,78,89,77,75,86,80,71,79,82,72,84,81,71,86,71,68,98,75,69,105,67,66,101,67,66,109,67,66,120,67,66,121,67,66,123,67,66,125,67,66,127,67,66,125,67,66,127,67,66,128,67,66,128,67,66,128,67,66,130,67,67,131,67,67,131,67,68,132,67,68,132,67,69,133,67,70,133,67,71,135,67,72,135,67,73,136,67,73,
70,81,135,70,81,134,70,78,132,70,75,129,70,73,126,70,71,121,70,71,110,70,71,102,70,71,96,70,71,95,70,71,95,70,71,102,70,71,113,70,71,105,70,71,123,70,71,137,70,71,137,70,71,134,70,71,143,70,71,143,70,71,140,70,71,143,70,71,142,70,71,143,70,71,143,70,71,142,70,71,143,70,71,144,70,71,145,70,71,143,70,71,144,70,71,144,70,71,142,70,71,143,71,71,142,75,71,144,77,71,144,78,71,145,80,71,145,80,71,145,80,71,145,78,71,145,76,71,140,75,71,127,73,71,123,70,71,99,72,71,92,82,71,86,83,71,80,83,71,80,83,71,80,84,71,79,84,71,81,85,71,89,85,72,90,89,74,96,94,76,100,94,76,97,96,76,94,91,76,92,96,76,89,94,76,93,94,76,100,93,76,92,95,76,102,95,76,102,95,76,102,95,76,99,95,76,93,95,76,84,95,76,76,79,76,74,90,78,72,79,81,72,90,82,70,94,69,70,95,78,68,91,67,69,98,68,68,113,67,67,119,67,66,118,67,66,124,67,66,128,67,66,125,67,66,128,67,66,127,67,66,127,67,66,128,67,66,129,67,67,129,67,67,131,67,67,131,67,68,131,67,68,132,67,69,133,67,70,133,67,72,136,67,72,136,67,73,137,67,74,
70,81,139,70,81,137,70,77,136,70,74,136,70,72,135,70,71,130,70,71,123,70,71,117,70,71,108,70,71,102,70,71,104,70,71,120,70,71,113,70,71,129,70,71,142,70,71,141,70,71,144,70,71,145,70,71,147,70,71,147,70,71,147,70,71,147,70,71,145,70,71,148,70,71,147,70,71,146,70,71,144,70,71,144,70,71,144,70,71,146,70,71,147,70,71,145,70,71,146,70,71,144,70,71,144,76,71,145,80,71,146,81,71,147,82,71,147,82,71,147,82,71,148,81,71,147,80,71,143,79,71,140,75,71,132,73,71,107,77,71,104,72,71,83,82,71,81,83,71,81,83,71,79,83,71,82,84,71,86,85,71,92,85,72,106,88,73,109,89,76,113,94,76,116,94,76,113,94,76,110,94,76,109,94,76,101,95,76,105,95,76,107,94,76,109,95,76,103,95,76,108,95,76,103,95,76,93,94,76,83,95,76,76,85,76,74,90,76,72,75,78,72,69,77,71,88,81,70,95,81,70,90,75,70,97,72,70,107,67,68,110,67,66,121,67,66,122,67,66,123,67,66,128,67,66,128,67,66,128,67,66,128,67,66,128,67,67,129,67,68,129,67,67,131,67,67,133,67,68,133,67,68,133,67,70,134,67,71,135,67,72,136,67,72,136,67,74,137,67,74,
70,81,141,70,80,140,70,76,139,70,74,139,70,71,139,70,71,140,70,71,132,70,71,127,70,71,122,70,71,127,70,71,119,70,71,127,70,71,130,70,71,143,70,71,144,70,71,142,70,71,145,70,71,147,70,71,151,70,71,151,70,71,149,70,71,149,70,71,147,70,71,148,70,71,149,70,71,148,70,71,147,70,71,145,70,71,147,70,71,147,70,71,148,70,71,147,70,71,146,70,71,146,71,71,146,76,71,147,82,71,148,82,71,148,82,71,149,82,71,149,82,71,149,82,71,146,82,71,143,81,71,140,77,71,138,78,71,123,73,71,122,82,71,88,82,71,92,83,71,88,83,71,85,83,71,97,84,71,103,85,71,111,85,72,114,87,73,120,91,76,124,95,76,124,94,76,126,94,76,122,94,76,117,89,76,113,90,76,104,95,76,106,94,76,113,94,76,117,95,76,113,95,76,111,95,76,94,95,76,82,95,76,76,94,76,74,69,76,73,69,77,72,69,80,71,72,82,70,69,82,70,81,74,71,84,72,70,108,69,68,113,71,69,113,71,67,124,70,67,126,68,68,129,67,68,129,67,68,129,67,67,130,67,66,129,67,67,130,67,68,130,67,68,132,67,68,133,67,69,133,67,69,135,67,70,136,67,72,137,67,72,137,67,74,137,67,74,137,67,74,
70,81,141,70,79,141,70,75,141,70,73,141,70,71,141,70,71,142,70,71,140,70,71,137,70,71,132,70,71,133,70,71,141,70,71,142,70,71,145,70,71,145,70,71,148,70,71,149,70,71,152,70,71,152,70,71,152,70,71,152,70,71,153,70,71,153,70,71,151,70,71,149,70,71,149,70,71,145,70,71,148,70,71,147,70,71,148,70,71,148,70,71,148,70,71,147,70,71,146,70,71,146,72,71,147,76,71,149,81,71,149,82,71,149,82,71,149,82,71,149,82,71,149,82,71,147,82,71,143,82,71,140,80,71,139,76,71,127,74,71,122,79,71,123,82,71,95,83,71,95,83,71,102,83,71,105,83,71,115,85,71,120,85,72,124,87,72,130,92,75,132,94,76,133,94,76,131,94,76,130,94,76,128,92,76,122,95,76,122,94,76,122,95,76,127,94,76,119,95,76,119,95,76,102,95,76,92,95,76,82,95,76,75,75,76,73,71,76,72,70,76,72,75,78,72,76,79,71,80,83,73,87,76,73,86,71,73,101,74,73,117,74,71,120,74,71,123,73,71,122,71,70,131,69,70,131,67,69,131,67,68,131,67,68,130,67,69,130,67,68,131,67,68,132,67,69,134,67,70,135,67,71,136,67,72,137,67,73,137,67,74,137,67,74,137,67,75,137,67,75,
70,80,142,70,78,142,70,75,142,70,73,142,70,71,141,70,71,144,70,71,142,70,71,142,70,71,142,70,71,143,70,71,143,70,71,143,70,71,145,70,71,146,70,71,149,70,71,151,70,71,153,70,71,153,70,71,153,70,71,153,70,71,153,70,71,154,70,71,151,70,71,150,70,71,150,70,71,149,70,71,149,70,71,149,70,71,148,70,71,146,70,71,148,70,71,147,70,71,146,70,71,145,73,71,148,76,71,149,82,71,149,82,71,149,82,71,149,82,71,149,82,71,149,82,71,146,82,71,142,82,71,140,81,71,139,78,71,139,82,71,130,81,71,122,83,71,92,83,71,97,83,71,102,83,71,104,83,71,113,84,71,130,86,72,132,89,73,135,92,75,135,94,76,134,95,76,134,94,76,134,94,76,133,94,76,130,95,76,126,95,76,124,95,76,128,94,76,126,95,76,125,95,76,99,95,76,88,96,76,85,89,76,74,83,76,73,74,76,72,70,76,72,67,79,73,60,81,74,70,84,74,72,85,74,91,81,74,107,84,74,117,80,74,121,85,74,126,76,73,127,76,72,129,73,71,132,71,71,132,68,71,133,67,71,133,67,71,132,67,70,133,67,71,134,67,72,136,67,72,136,67,72,137,67,73,137,67,75,137,67,75,137,67,75,138,67,75,138,67,75,
70,81,143,70,78,143,70,76,143,70,72,143,70,71,144,70,71,144,70,71,144,70,71,144,70,71,143,70,71,145,70,71,145,70,71,145,70,71,145,70,71,146,70,71,150,70,71,153,70,71,153,70,71,153,70,71,153,70,71,154,70,71,154,70,71,154,70,71,152,70,71,150,70,71,150,70,71,146,70,71,148,70,71,149,70,71,146,70,71,149,70,71,148,70,71,147,70,71,146,70,71,146,72,71,148,75,71,149,82,71,149,82,71,149,82,71,149,82,71,149,82,71,149,82,71,145,82,71,141,82,71,139,82,71,139,79,71,139,82,71,132,77,71,109,79,71,129,83,71,124,83,71,124,83,71,122,83,71,122,84,71,134,87,72,134,90,73,137,93,75,136,95,76,136,95,76,136,95,76,135,95,76,134,94,76,133,95,76,132,95,76,131,95,76,128,94,76,128,94,76,114,95,76,99,95,76,90,96,76,76,96,76,74,73,76,74,77,76,74,74,76,74,68,77,74,68,80,74,66,84,74,79,85,74,96,82,74,112,84,74,121,85,74,122,85,74,127,80,74,130,79,73,135,76,73,134,75,72,134,71,71,135,69,71,134,67,72,135,67,73,136,67,73,136,67,73,138,67,73,138,67,74,138,67,75,137,67,75,137,67,75,137,67,75,138,67,75,138,67,75,
70,82,144,70,79,143,70,75,144,70,72,144,70,71,144,70,71,144,70,71,144,70,71,144,70,71,145,70,71,145,70,71,145,70,71,145,70,71,145,70,71,146,70,71,150,70,71,153,70,71,153,70,71,154,70,71,154,70,71,154,70,71,155,70,71,155,70,71,152,70,71,150,70,71,150,70,71,149,70,71,148,70,71,149,70,71,147,70,71,148,70,71,149,70,71,149,70,71,149,70,71,148,72,71,148,75,71,149,82,71,149,82,71,149,82,71,149,82,71,149,82,71,149,82,71,145,82,71,141,82,71,139,82,71,139,80,71,139,77,71,139,78,71,124,83,71,109,83,71,94,83,71,127,83,71,116,83,71,135,84,71,136,87,72,136,90,73,137,94,75,137,95,76,136,95,76,136,95,76,136,95,76,136,95,76,135,95,76,134,95,76,132,95,76,132,95,76,132,95,76,112,95,76,101,95,76,93,87,76,80,86,76,76,96,76,74,75,76,74,67,76,74,63,77,74,67,79,74,73,83,74,91,85,74,104,85,74,113,85,74,121,86,74,130,86,74,130,84,74,131,81,74,134,80,74,135,77,74,135,73,74,136,70,74,136,69,73,137,67,73,137,67,74,137,67,75,138,67,75,138,67,75,137,67,75,137,67,75,137,67,75,137,67,75,137,67,75,138,67,75,
70,82,145,70,79,145,70,74,145,70,72,145,70,71,145,70,71,145,70,71,145,70,71,145,70,71,145,70,71,145,70,71,145,70,71,145,70,71,145,70,71,147,70,71,150,70,71,153,70,71,154,70,71,154,70,71,154,70,71,155,70,71,155,70,71,155,70,71,153,70,71,150,70,71,150,70,71,149,70,71,149,70,71,149,70,71,149,70,71,149,70,71,149,70,71,149,70,71,149,70,71,149,72,71,149,76,71,149,82,71,149,82,71,149,82,71,149,82,71,149,82,71,149,82,71,144,82,71,141,82,71,139,82,71,139,82,71,139,82,71,139,83,71,136,80,71,107,82,71,109,83,71,113,83,71,120,83,71,128,84,72,138,87,73,137,91,73,137,94,75,137,95,76,137,96,76,137,96,76,137,96,76,137,95,76,136,95,76,136,95,76,135,95,76,134,95,76,132,95,76,117,95,76,105,96,76,97,89,76,85,84,76,78,90,76,76,76,76,74,70,76,74,65,76,74,80,79,74,91,81,74,101,85,74,109,87,74,121,86,74,123,87,74,131,86,74,130,85,74,134,83,74,135,82,74,135,79,74,135,76,74,136,73,74,138,71,74,137,70,74,137,69,75,137,67,75,139,67,75,138,67,75,137,67,75,137,67,75,137,67,75,137,67,75,137,67,75,138,67,75,
70,82,145,70,80,145,70,74,145,70,72,145,70,71,145,70,71,145,70,71,145,70,71,145,70,71,145,70,71,145,70,71,145,70,71,145,70,71,146,70,71,148,70,71,150,70,71,153,70,71,155,70,71,155,70,71,155,70,71,155,70,71,155,70,71,155,70,71,154,70,71,151,70,71,150,70,71,150,70,71,149,70,71,149,70,71,149,70,71,149,70,71,149,70,71,149,70,71,149,70,71,149,71,71,149,78,71,149,82,71,149,82,71,149,82,71,149,82,71,149,82,71,149,82,71,144,82,71,141,82,71,139,82,71,139,82,71,139,82,71,139,83,71,125,83,71,130,83,71,134,83,71,127,83,71,135,83,71,137,84,71,136,87,72,138,92,74,137,94,76,137,95,76,137,96,76,137,96,76,137,96,76,137,96,76,137,95,76,136,95,76,136,95,76,135,95,76,132,95,76,127,96,76,111,96,76,98,96,76,87,78,76,80,96,76,76,96,76,74,82,76,74,61,76,74,80,78,74,88,82,74,105,85,74,116,88,74,122,87,74,126,86,74,131,85,74,134,85,74,134,84,74,134,82,74,137,81,74,136,79,74,137,77,74,138,74,74,138,73,74,137,70,75,137,68,75,139,67,75,138,67,75,138,67,75,138,67,75,138,67,75,138,67,75,137,67,75,138,67,75,
70,83,145,70,79,145,70,74,145,70,72,145,70,71,145,70,71,145,70,71,145,70,71,145,70,71,145,70,71,145,70,71,145,70,71,146,70,71,146,70,71,148,70,71,150,70,71,154,70,71,155,70,71,155,70,71,155,70,71,155,70,71,155,70,71,155,70,71,155,70,71,151,70,71,150,70,71,150,70,71,149,70,71,149,70,71,149,70,71,149,70,71,149,70,71,149,70,71,149,70,71,149,72,71,149,77,71,149,82,71,149,82,71,149,82,71,149,82,71,149,82,71,149,82,71,144,82,71,141,82,71,139,82,71,139,82,71,139,82,71,139,82,71,139,83,71,139,83,71,124,83,71,138,83,71,138,83,71,135,84,71,138,87,71,138,92,73,137,94,76,137,95,76,137,96,76,137,96,76,137,96,76,137,96,76,137,96,76,137,96,76,136,96,76,135,96,76,133,96,76,131,96,76,115,96,76,99,88,76,91,76,76,82,87,76,75,79,76,74,70,76,74,66,76,74,82,78,74,99,81,74,106,86,74,120,87,74,125,87,74,129,86,74,131,86,74,132,85,74,134,84,74,135,83,74,136,82,74,137,80,74,137,78,74,138,77,74,138,74,74,138,72,75,139,71,75,139,70,75,138,67,75,138,67,75,138,67,75,138,67,75,138,67,75,139,67,75,131,67,75,
70,83,145,70,80,145,70,76,145,70,72,145,70,71,145,70,71,145,70,71,145,70,71,145,70,71,145,70,71,145,70,71,146,70,71,146,70,71,147,70,71,148,70,71,150,70,71,154,70,71,155,70,71,155,70,71,155,70,71,155,70,71,155,70,71,155,70,71,155,70,71,153,70,71,150,70,71,150,70,71,150,70,71,149,70,71,149,70,71,149,70,71,149,70,71,149,70,71,149,70,71,149,71,71,149,76,71,149,82,71,149,82,71,149,82,71,149,82,71,149,82,71,149,82,71,145,82,71,140,82,71,139,82,71,139,82,71,139,82,71,139,82,71,139,83,71,134,83,71,138,83,71,138,83,71,138,83,71,138,84,71,138,88,71,138,91,73,138,94,76,138,96,76,137,96,76,138,96,76,138,96,76,137,96,76,137,96,76,137,96,76,136,96,76,136,96,76,135,96,76,132,96,76,120,96,76,106,96,76,94,77,76,84,95,76,77,68,76,74,68,76,74,90,76,74,89,78,74,100,82,74,107,87,74,120,87,74,127,87,74,128,86,74,131,86,74,132,85,74,133,85,74,134,84,74,136,82,74,136,81,74,137,81,74,137,79,74,138,77,74,138,75,75,139,72,75,139,72,75,138,70,75,138,67,75,138,67,75,138,67,75,137,67,75,132,67,75,128,67,75,
70,83,145,70,81,145,70,77,145,70,72,145,70,71,145,70,71,145,70,71,145,70,71,145,70,71,145,70,71,146,70,71,146,70,71,146,70,71,147,70,71,148,70,71,151,70,71,154,70,71,155,70,71,155,70,71,155,70,71,155,70,71,155,70,71,155,70,71,155,70,71,154,70,71,151,70,71,150,70,71,150,70,71,150,70,71,149,70,71,149,70,71,149,70,71,149,70,71,149,70,71,149,71,71,149,74,71,149,81,71,149,82,71,149,82,71,149,82,71,149,82,71,149,82,71,147,82,71,141,82,71,139,82,71,139,82,71,139,82,71,139,82,71,139,83,71,139,83,71,139,83,71,137,83,71,137,83,71,138,85,71,138,87,71,138,90,74,138,94,75,138,96,76,138,96,76,138,96,76,138,96,76,138,96,76,137,96,76,137,96,76,137,96,76,137,96,76,137,96,76,134,96,76,127,96,76,109,87,76,95,96,76,84,77,76,76,64,76,74,87,76,74,70,76,74,96,79,74,100,82,74,112,87,74,122,87,74,126,86,74,128,86,74,130,86,74,131,86,74,134,85,74,134,85,74,134,85,74,136,83,74,137,82,74,137,81,74,138,78,74,140,79,75,140,76,75,139,74,75,138,71,75,138,70,75,138,67,75,138,67,75,138,67,75,131,67,75,122,67,75,
70,83,145,70,81,145,70,79,145,70,73,145,70,71,145,70,71,145,70,71,145,70,71,145,70,71,146,70,71,146,70,71,146,70,71,147,70,71,148,70,71,148,70,71,150,70,71,153,70,71,155,70,71,155,70,71,155,70,71,155,70,71,155,70,71,155,70,71,155,70,71,155,70,71,152,70,71,151,70,71,150,70,71,150,70,71,150,70,71,149,70,71,149,70,71,149,70,71,149,70,71,149,70,71,150,73,71,149,79,71,149,82,71,149,82,71,149,82,71,149,82,71,149,82,71,147,82,71,142,82,71,139,82,71,139,82,71,139,82,71,139,82,71,139,82,71,139,83,71,139,83,71,138,83,71,138,84,71,138,85,71,138,87,72,138,91,73,138,94,75,138,95,76,138,96,76,138,96,76,138,96,76,138,96,76,138,96,76,138,96,76,138,96,76,138,96,76,138,96,76,135,96,76,128,93,76,110,96,76,96,76,76,84,68,76,76,85,76,74,81,76,74,95,77,74,98,80,74,101,83,74,112,87,74,124,87,74,126,86,74,128,86,74,130,86,74,132,86,74,132,85,74,134,86,74,135,85,74,136,84,74,136,83,74,137,83,74,139,81,74,140,79,75,140,79,75,140,77,75,140,75,75,138,73,75,138,70,75,138,69,75,139,67,75,132,67,75,130,67,73,
70,83,145,70,81,145,70,80,145,70,74,145,70,72,145,70,71,145,70,71,145,70,71,146,70,71,146,70,71,146,70,71,146,70,71,147,70,71,148,70,71,148,70,71,151,70,71,154,70,71,155,70,71,155,70,71,155,70,71,155,70,71,155,70,71,155,70,71,155,70,71,155,70,71,155,70,71,153,70,71,151,70,71,150,70,71,150,70,71,150,70,71,150,70,71,150,70,71,150,70,71,150,70,71,150,72,71,150,78,71,150,82,71,150,82,71,150,82,71,150,82,71,150,82,71,149,82,71,143,82,71,140,82,71,139,82,71,139,82,71,139,82,71,139,82,71,139,83,71,139,83,71,139,83,71,138,84,71,138,85,71,138,88,72,138,91,73,138,94,75,138,95,76,138,96,76,138,96,76,138,96,76,138,96,76,138,96,76,138,96,76,138,96,76,138,96,76,138,96,76,136,96,76,128,95,76,114,91,76,96,75,76,82,70,76,75,94,76,74,69,76,74,76,78,74,99,81,74,101,84,74,115,88,74,125,87,74,126,86,74,128,86,74,130,86,74,132,86,74,133,86,74,135,86,74,135,85,74,136,84,74,136,84,74,139,84,74,139,83,75,139,82,75,140,81,75,140,79,75,140,78,75,139,76,75,139,74,75,139,72,75,139,70,75,135,67,75,119,67,75,
70,83,145,70,82,145,70,80,145,70,77,145,70,72,145,70,71,146,70,71,146,70,71,146,70,71,146,70,71,146,70,71,146,70,71,147,70,71,148,70,71,149,70,71,151,70,71,154,70,71,155,70,71,155,70,71,155,70,71,155,70,71,155,70,71,155,70,71,155,70,71,156,70,71,156,70,71,154,70,71,151,70,71,150,70,71,150,70,71,150,70,71,150,70,71,150,70,71,150,70,71,150,70,71,150,72,71,150,77,71,150,81,71,150,82,71,150,82,71,150,82,71,150,82,71,150,82,71,145,82,71,141,82,71,139,82,71,139,82,71,139,82,71,139,82,71,139,83,71,139,83,71,139,84,71,139,85,71,138,86,72,138,89,72,138,91,74,138,94,75,138,95,75,138,96,76,138,96,76,138,96,76,138,96,76,138,96,76,138,96,76,138,96,76,138,96,76,138,96,76,137,96,76,129,92,76,112,87,76,96,75,76,83,66,76,75,78,76,74,75,77,74,81,79,74,99,82,74,102,85,74,115,88,74,128,88,74,128,87,74,128,86,74,131,86,74,133,86,74,134,86,74,134,86,74,135,86,74,137,84,74,138,84,74,139,84,74,139,83,75,140,82,75,140,82,75,140,81,75,140,79,75,140,79,75,139,78,75,139,77,75,139,74,75,134,71,75,122,67,74,
70,83,145,70,82,145,70,80,145,70,79,146,70,74,146,70,71,146,70,71,146,70,71,146,70,71,146,70,71,146,70,71,146,70,71,148,70,71,148,70,71,149,70,71,152,70,71,153,70,71,155,70,71,156,70,71,156,70,71,156,70,71,156,70,71,156,70,71,156,70,71,156,70,71,156,70,71,156,70,71,152,70,71,151,70,71,150,70,71,150,70,71,150,70,71,150,70,71,150,70,71,150,70,71,150,72,71,150,77,71,150,81,71,150,82,71,150,82,71,150,82,71,150,82,71,150,82,71,148,82,71,143,82,71,139,82,71,139,82,71,139,82,71,139,83,71,139,83,71,139,83,71,139,85,71,139,86,72,139,87,72,139,89,73,138,92,74,138,95,75,138,95,75,138,96,76,138,96,76,138,96,76,138,96,76,138,96,76,138,96,76,138,96,76,138,96,76,137,96,76,136,96,76,129,86,76,110,94,76,92,72,76,81,68,76,75,63,76,74,84,78,74,83,80,74,100,83,74,102,86,74,119,89,74,128,88,74,128,87,74,130,87,74,133,87,74,135,86,74,136,86,74,136,86,74,137,86,74,138,84,74,138,84,74,139,84,75,139,84,75,140,83,75,140,82,75,140,82,75,140,81,75,140,80,75,140,80,75,140,79,75,139,78,75,139,76,75,134,73,75,
70,83,146,70,82,146,70,81,146,70,78,146,70,76,146,70,72,146,70,71,146,70,71,146,70,71,146,70,71,146,70,71,147,70,71,148,70,71,148,70,71,151,70,71,152,70,71,154,70,71,155,70,71,156,70,71,156,70,71,156,70,71,156,70,71,156,70,71,156,70,71,156,70,71,156,70,71,156,70,71,155,70,71,152,70,71,150,70,71,150,70,71,150,70,71,150,70,71,150,70,71,150,70,71,150,72,71,150,77,71,150,81,71,150,82,71,150,82,71,150,82,71,150,82,71,150,82,71,150,82,71,146,82,71,141,82,71,139,82,71,139,82,71,139,83,71,139,83,71,139,84,71,139,85,71,139,87,72,139,88,72,139,90,73,139,93,74,139,95,75,139,95,75,139,96,76,138,96,76,138,96,76,138,96,76,138,96,76,138,96,76,138,96,76,138,96,76,137,96,76,136,92,76,118,91,76,103,90,76,88,83,76,79,96,76,74,64,77,74,74,79,74,92,81,74,101,84,74,104,88,74,120,89,74,128,89,74,128,88,74,130,87,74,133,87,74,135,87,74,136,86,74,136,86,74,137,86,74,138,85,74,138,84,74,139,84,75,139,84,75,140,84,75,140,83,75,140,82,75,140,82,75,140,82,75,140,81,75,140,80,75,140,79,75,139,81,75,140,79,75,
